src,dst,weight
dá,outros,1.0
este,uma,2.0
negro,tudo,2.0
cida,instrumento,1.0
funkeiro,vinho,1.0
de,ex,4.0
computador,meu,1.0
caiu,frango,1.0
chão,passarinho,1.0
anal,uma,1.0
do,itália,1.0
leite,sempre,1.0
meu,tenho,1.0
ele,salvador,1.0
anda,uma,1.0
por,zero,1.0
médico,volta,1.0
casa,de,1.0
carreira,tony,1.0
homo,tony,1.0
dela,queria,1.0
liga,se,1.0
ah,esposa,1.0
cidade,que,1.0
desse,porque,1.0
do,tv,1.0
ex,que,6.0
criança,mente,1.0
como,renda,1.0
acém,por,1.0
moro,receber,1.0
algumas,pra,1.0
do,ponto,1.0
adora,beto,1.0
boca,pra,1.0
graça,pai,1.0
para,tudo,2.0
filme,ventura,1.0
dá,os,2.0
bate,se,1.0
comediante,de,1.0
cinzas,de,1.0
cinco,queria,1.0
perdeu,que,1.0
anal,só,1.0
estou,na,1.0
que,só,10.0
galo,sem,2.0
homem,paciente,1.0
apanhou,foi,1.0
era,passarinho,1.0
polícia,viu,1.0
personagem,quis,1.0
naldo,um,4.0
calor,se,1.0
nome,seu,1.0
four,uma,1.0
sempre,zé,1.0
qual,sem,3.0
ah,reclama,1.0
se,vir,1.0
por,pouco,1.0
eles,primeiro,1.0
eles,outros,1.0
ca,fazer,1.0
comida,pô,1.0
caverna,economia,1.0
pede,qual,1.0
ex,por,2.0
as,dia,2.0
por,se,2.0
pro,varau,5.0
cida,obras,1.0
amarelo,lobato,1.0
mia,se,3.0
cu,roupa,1.0
com,podem,1.0
patos,por,1.0
as,país,1.0
braille,quando,1.0
be,nome,1.0
adele,cantora,1.0
moro,outro,1.0
chamase,harry,1.0
feira,na,2.0
gordo,mata,1.0
cinco,de,1.0
ele,perdeu,1.0
dias,um,3.0
em,eu,4.0
elfo,potter,1.0
ah,procura,1.0
ninguém,só,1.0
mesmo,porque,1.0
campeão,fica,1.0
adoro,pontos,1.0
correr,só,2.0
come,da,1.0
difícil,notícia,1.0
corri,desenho,1.0
nos,só,1.0
com,virase,1.0
bola,dos,1.0
mudo,no,1.0
gucci,se,3.0
consola,um,3.0
estão,têm,1.0
de,dono,1.0
interior,mulheres,1.0
de,do,11.0
preferida,wii,4.0
parede,porque,1.0
bem,campeão,1.0
casa,jackson,1.0
caiu,cimento,1.0
falar,mudo,1.0
chega,leite,1.0
be,diz,1.0
outro,para,2.0
se,trabalho,1.0
paciente,seja,1.0
acabou,de,1.0
cheia,não,1.0
aí,passarinho,1.0
chá,que,1.0
de,pontapés,1.0
cry,uber,1.0
em,programa,1.0
mão,qual,3.0
mata,qual,1.0
deitou,filme,1.0
dança,qual,1.0
qual,star,1.0
de,mente,1.0
anão,ondas,1.0
coisas,como,1.0
muito,ser,1.0
de,saúde,1.0
jornal,naldo,1.0
animal,dorme,1.0
em,nos,3.0
ana,da,1.0
com,dia,1.0
cu,desse,2.0
desistiu,mil,1.0
médico,nada,1.0
de,nasceu,1.0
cantor,zé,1.0
ponto,tem,1.0
se,socorro,1.0
por,pra,2.0
chama,renda,1.0
cão,em,1.0
isso,sofre,1.0
gosta,quis,1.0
conto,ponto,1.0
ela,qual,1.0
mania,ver,1.0
mar,rita,4.0
fazer,se,2.0
gato,que,1.0
ir,pro,2.0
para,trás,2.0
família,último,1.0
que,sul,1.0
qual,the,4.0
massa,porque,1.0
cultura,qual,1.0
cachorro,cão,2.0
martelo,que,1.0
alta,que,1.0
bater,diz,1.0
carreira,chama,1.0
mal,tá,2.0
cor,do,1.0
pessoas,sofre,2.0
cu,nome,1.0
céu,um,1.0
ah,família,1.0
carta,potter,1.0
estão,pessoas,1.0
filha,tem,1.0
ti,transporte,1.0
está,foice,1.0
cama,não,1.0
mãe,na,1.0
mãe,tem,2.0
entrar,só,1.0
patas,porque,1.0
dança,mal,1.0
correr,às,2.0
em,martelo,1.0
graça,material,1.0
nome,país,1.0
cida,qual,3.0
do,os,3.0
morreu,último,1.0
em,lugar,1.0
como,nova,1.0
eu,tu,1.0
braille,forma,1.0
ele,show,1.0
maria,uma,2.0
hora,pro,1.0
do,usa,1.0
com,luta,1.0
que,terra,1.0
em,nervoso,1.0
mais,pé,1.0
polícia,se,1.0
do,pé,3.0
com,vão,1.0
com,pontos,1.0
em,mundo,1.0
como,cu,1.0
comem,ondas,1.0
dá,policial,1.0
pra,silvio,1.0
nora,só,3.0
gatos,méxico,1.0
alexandre,qual,1.0
cão,segura,1.0
rainha,rei,2.0
dos,morreu,1.0
falou,um,1.0
ficou,meu,1.0
uma,vinho,1.0
com,futebol,1.0
parte,toma,1.0
eva,paraíso,1.0
in,michael,1.0
cachorros,uma,1.0
dias,rio,1.0
horas,polegar,1.0
as,são,2.0
poder,saúde,1.0
por,remédio,1.0
das,virgem,1.0
era,graça,1.0
rei,um,1.0
porque,ásia,2.0
ser,trabalha,1.0
carreira,se,1.0
em,lá,1.0
donald,maior,1.0
cantor,quer,1.0
não,porque,2.0
essa,qual,1.0
feliz,pai,1.0
com,político,1.0
cálice,você,3.0
terra,virase,1.0
de,têm,2.0
nascimento,se,1.0
fazer,havia,1.0
da,lá,1.0
cu,no,3.0
de,ler,2.0
qual,ter,1.0
estavam,ásia,1.0
criança,céu,1.0
dizer,muito,1.0
casa,pau,1.0
graça,os,1.0
notas,nunca,1.0
foram,que,1.0
sempre,tudo,1.0
mania,tudo,1.0
cida,nome,2.0
mesmo,mão,1.0
das,tudo,1.0
em,sempre,2.0
ben,quando,1.0
foi,pelo,2.0
alfaiate,perdeu,1.0
dá,santo,1.0
quer,tirar,2.0
mar,no,1.0
ave,cheia,2.0
qual,sal,1.0
seja,tirar,2.0
acha,herói,1.0
no,vermelho,1.0
bahia,ser,1.0
em,uber,1.0
lugar,só,1.0
qual,tarde,1.0
banda,in,1.0
qual,santo,1.0
atriz,ver,1.0
choque,jogo,1.0
melhor,papel,1.0
cálice,do,3.0
no,não,2.0
frango,passarinho,3.0
do,vem,1.0
sai,se,1.0
chão,frango,1.0
de,dia,2.0
na,seu,1.0
questão,santo,1.0
coisas,um,2.0
acabou,mais,1.0
duas,impossível,1.0
com,são,2.0
ex,sou,1.0
pro,vento,1.0
esta,que,2.0
letra,são,1.0
avó,quem,1.0
as,pelas,1.0
da,quer,1.0
alto,são,1.0
dos,que,1.0
de,igreja,1.0
galinha,maria,1.0
pra,tem,1.0
mais,the,1.0
dá,sílvio,1.0
alta,tinha,1.0
ah,vai,1.0
em,salvador,1.0
anão,minnie,1.0
com,negro,1.0
existe,nada,1.0
pelo,quando,1.0
desse,gosta,1.0
contra,qual,1.0
mente,quando,2.0
por,pro,2.0
cor,têm,1.0
ave,maria,3.0
de,sobre,2.0
coisas,outro,2.0
amor,entre,1.0
falar,sabe,1.0
carro,um,1.0
in,série,1.0
calor,da,1.0
curte,qual,1.0
bengala,braille,1.0
era,frango,1.0
dos,preferida,1.0
depressão,estava,1.0
come,planta,1.0
há,presente,1.0
estavam,torto,1.0
cida,esposa,1.0
qual,seu,1.0
codorna,perna,1.0
minnie,que,2.0
céu,meus,1.0
casa,um,1.0
elas,passar,2.0
fofoca,uma,2.0
four,in,2.0
dele,prazo,1.0
de,mal,1.0
namorada,pô,1.0
disse,na,1.0
de,passarinho,1.0
disse,tem,1.0
cama,correr,2.0
filme,só,2.0
alguém,cida,1.0
chama,jesus,1.0
gonçalves,pessoas,2.0
estava,largou,1.0
conta,de,1.0
lanche,qual,1.0
largou,por,1.0
corri,pessoas,1.0
depois,qual,1.0
das,nome,1.0
bicho,fera,1.0
bem,tá,1.0
desse,jardineiro,1.0
cai,do,1.0
cigarro,porque,2.0
quer,uma,2.0
dá,um,6.0
homem,qual,1.0
mais,trabalhadores,1.0
atleta,ex,1.0
de,vê,2.0
ben,porque,1.0
lá,tá,1.0
gostava,meia,1.0
ondas,tem,1.0
de,vão,1.0
figura,oi,1.0
duro,um,2.0
avó,estava,1.0
ah,todo,1.0
jogador,quase,1.0
apanhou,calendário,1.0
sabe,tá,1.0
está,má,1.0
gordo,jackson,1.0
criança,negro,1.0
preferido,tarde,1.0
dela,um,1.0
chá,te,1.0
dia,que,1.0
ficou,pô,1.0
foice,mais,1.0
que,tony,1.0
má,qual,1.0
braille,de,3.0
ah,quando,1.0
eu,que,5.0
diz,sai,1.0
aí,frango,1.0
os,padre,1.0
isso,tenho,1.0
porque,pouco,1.0
paciente,rapaz,1.0
ao,com,1.0
força,não,1.0
foi,pouco,1.0
homo,john,1.0
economia,que,1.0
ela,renda,1.0
deus,na,1.0
com,estava,1.0
em,tudo,4.0
dieta,parente,1.0
sul,são,1.0
mente,porque,2.0
batman,uma,1.0
roupa,varau,5.0
mais,ter,2.0
casa,zero,1.0
itália,show,1.0
em,qual,10.0
de,escola,1.0
ficar,político,1.0
cantora,na,1.0
data,período,1.0
bem,perde,1.0
com,parede,1.0
apanhou,homem,1.0
atriz,qual,2.0
se,uber,1.0
coisas,pessoas,1.0
acabou,um,1.0
ainda,construção,1.0
notas,um,1.0
remédio,vai,1.0
sandy,seus,1.0
depressão,que,3.0
uma,vir,1.0
em,massa,1.0
nunca,the,1.0
da,qual,5.0
fazer,trabalho,1.0
faustão,fera,1.0
apresentador,dá,2.0
foi,na,3.0
com,para,2.0
do,sal,2.0
pé,uma,1.0
herói,heróis,1.0
coisas,dias,1.0
uber,vc,1.0
das,sofre,1.0
coisas,tem,2.0
da,presidente,2.0
lá,na,1.0
bahia,pó,1.0
do,santo,1.0
lá,tem,1.0
que,ásia,3.0
atchim,vive,1.0
como,passos,1.0
anal,horas,1.0
qual,tá,6.0
belo,qual,3.0
fica,perde,1.0
bahia,ir,1.0
mais,pau,1.0
não,sem,1.0
como,só,3.0
de,nota,1.0
sem,sobre,1.0
das,no,2.0
depressão,por,2.0
ponto,que,4.0
há,mais,3.0
prazo,vc,1.0
não,pé,1.0
de,são,3.0
bater,minha,1.0
sem,suas,1.0
carro,tem,1.0
as,por,1.0
filha,socorro,1.0
méxico,no,1.0
cara,que,1.0
como,nora,1.0
da,rita,1.0
por,star,1.0
dá,pouco,1.0
comer,impossível,1.0
papa,semelhança,1.0
potter,queria,1.0
em,ou,2.0
diz,indiano,1.0
no,ser,1.0
casa,na,1.0
dos,planta,1.0
bom,fazer,1.0
eu,mesmo,1.0
porque,pra,1.0
nas,pó,1.0
anal,não,1.0
nem,rádio,1.0
de,primos,1.0
duro,se,1.0
que,um,11.0
bom,porque,1.0
de,dorme,2.0
como,sabe,1.0
onde,que,1.0
cantor,carreira,1.0
vem,virgem,1.0
linha,na,1.0
de,quem,1.0
elfo,mulheres,1.0
cara,por,1.0
jogo,presidente,2.0
nora,nunca,1.0
todas,vermelho,1.0
mortal,um,1.0
da,show,1.0
chaves,star,1.0
animal,mata,1.0
em,paraíso,1.0
letra,que,1.0
dá,na,2.0
ao,não,1.0
mudo,porque,1.0
anal,outra,1.0
estão,que,1.0
dálias,são,6.0
foice,um,1.0
atchim,pessoa,1.0
duro,na,2.0
cara,cimento,1.0
que,torto,1.0
cida,para,2.0
rádio,têm,1.0
gatos,mia,1.0
construção,está,1.0
ficou,vermelho,1.0
de,naldo,2.0
cão,flor,1.0
be,em,2.0
belo,marido,1.0
fera,mais,1.0
não,star,1.0
filme,mia,1.0
depressão,ela,1.0
pô,qual,4.0
do,um,2.0
ator,pelo,1.0
branco,um,1.0
cama,ir,1.0
cultura,diferença,1.0
filme,há,1.0
rita,sabor,1.0
correr,não,2.0
doente,saúde,1.0
que,silvio,1.0
nos,não,1.0
cabeleireiro,serpente,1.0
com,por,2.0
andava,ex,1.0
forma,sem,1.0
entre,sou,1.0
estão,por,2.0
porco,que,1.0
dança,dos,1.0
de,trabalhar,1.0
martelo,qual,1.0
má,voltou,1.0
jogo,ou,1.0
cinzas,pra,2.0
dos,sempre,1.0
ia,sabe,1.0
papa,ser,1.0
musical,si,1.0
nome,que,1.0
deixar,mania,1.0
mal,que,3.0
eles,pote,1.0
de,usando,1.0
the,todo,1.0
na,prédio,1.0
deitou,do,1.0
chefe,favorito,1.0
do,patas,1.0
michael,preto,1.0
gente,massa,1.0
duas,portas,1.0
ganhou,havia,1.0
estava,tá,1.0
personagem,tony,1.0
chama,só,4.0
de,estava,3.0
feliz,musical,1.0
em,sofre,1.0
do,silvio,2.0
no,ponto,1.0
choque,conta,2.0
bonita,ganhou,2.0
olho,rap,3.0
chama,nora,1.0
cu,quando,1.0
de,isso,1.0
há,um,1.0
ana,qual,2.0
ah,ir,1.0
gado,um,2.0
ben,de,2.0
ex,no,1.0
bater,ser,1.0
potter,quanto,1.0
foi,período,1.0
largou,uma,3.0
da,voltou,1.0
funkeiro,quer,1.0
mais,tá,1.0
força,muita,1.0
na,são,2.0
rapper,só,2.0
jogadora,não,1.0
banho,em,1.0
astronauta,céu,1.0
graça,um,2.0
nova,que,2.0
de,mil,1.0
de,pão,1.0
ama,fazer,1.0
do,sozinho,1.0
do,este,1.0
dois,tá,1.0
que,se,11.0
mar,quando,1.0
quem,seis,1.0
favorito,star,1.0
pés,terra,1.0
preferido,tem,1.0
perde,que,1.0
as,tirar,2.0
gato,nome,1.0
atriz,be,2.0
dum,mais,1.0
aquático,prato,1.0
caiu,no,1.0
chão,passos,1.0
de,menino,1.0
la,nos,1.0
economia,gato,1.0
foice,se,2.0
pode,só,2.0
que,vinho,1.0
carteira,dente,1.0
ir,tá,1.0
na,quem,1.0
desse,sabão,1.0
os,um,2.0
só,triste,1.0
num,piratas,1.0
apresentador,só,1.0
qual,são,2.0
freiras,papa,1.0
de,preto,1.0
me,regra,1.0
chegou,impossível,1.0
foi,vir,1.0
mata,tempo,1.0
mortal,tem,1.0
perde,por,1.0
do,se,3.0
por,saúde,2.0
chefe,mais,2.0
miss,qual,2.0
ah,embora,1.0
beatles,no,1.0
frango,por,1.0
era,nada,1.0
da,último,1.0
de,super,1.0
be,seja,1.0
casal,patos,1.0
qual,tu,1.0
dorme,ele,1.0
correr,precisa,2.0
ben,presente,1.0
ele,em,1.0
das,oi,1.0
antes,marcelo,1.0
mirim,que,1.0
tio,vive,1.0
só,único,1.0
fulano,sobremesa,1.0
porque,pro,2.0
homo,namorada,1.0
ler,qual,1.0
eu,te,1.0
qual,tio,1.0
cu,filme,1.0
foi,minnie,1.0
com,volta,1.0
papel,que,2.0
dorme,ela,1.0
bar,ca,1.0
choque,cor,1.0
não,ter,1.0
espelho,viu,1.0
do,na,2.0
pressão,quer,1.0
ganhou,mulher,1.0
in,quatro,1.0
em,gasolina,1.0
qual,quem,1.0
de,que,38.0
branco,cinzas,1.0
duas,qual,1.0
por,quer,1.0
ao,ator,1.0
on,serve,1.0
morre,ver,1.0
dá,linda,1.0
perguntaram,que,1.0
cimento,seu,1.0
planeta,um,1.0
conta,um,1.0
carreira,ele,1.0
diz,na,1.0
dois,passarinho,1.0
tem,ásia,1.0
cu,porque,1.0
estava,jogadora,1.0
por,vc,1.0
carne,disse,4.0
de,me,1.0
choque,da,2.0
mandou,marido,1.0
bom,mão,1.0
cida,conto,1.0
quer,varau,10.0
graça,rir,1.0
da,pequenoalmoço,1.0
não,sal,1.0
esta,seleção,1.0
bem,da,1.0
et,toda,1.0
depressão,triste,2.0
aspirador,po,2.0
herói,que,1.0
dos,qual,2.0
uma,óculos,1.0
de,tira,1.0
bicho,essa,1.0
deve,dos,1.0
ah,de,2.0
dum,lutador,1.0
papel,por,1.0
existe,ti,1.0
policial,viu,1.0
magro,que,1.0
impossível,qual,2.0
eu,força,1.0
altas,qual,1.0
de,por,9.0
cabeça,está,1.0
pena,qual,1.0
gado,se,2.0
braille,um,3.0
entre,ou,1.0
as,nada,1.0
este,filme,1.0
em,magro,1.0
de,xmen,1.0
cálice,harry,3.0
pessoa,skywalker,1.0
avó,música,1.0
criado,vivia,1.0
as,dálias,1.0
ele,mata,1.0
no,polegar,1.0
graça,se,1.0
da,feliz,1.0
má,números,1.0
cida,em,1.0
herói,por,1.0
com,diabo,1.0
tem,um,2.0
gado,na,1.0
deus,pode,1.0
ano,eva,1.0
ca,pessoas,1.0
anal,porque,2.0
dá,santos,1.0
disse,paciente,1.0
santos,silvio,1.0
anal,pessoa,1.0
eu,saco,1.0
cor,que,1.0
cantor,preto,1.0
dias,onde,1.0
figura,josé,1.0
da,músicas,1.0
cara,miss,1.0
avó,uma,1.0
em,para,3.0
nota,si,1.0
da,já,1.0
graça,tem,2.0
casal,tudo,1.0
dum,um,1.0
homem,super,1.0
construção,em,1.0
beber,ca,1.0
de,jesus,3.0
meu,um,3.0
ser,são,1.0
meio,porque,3.0
só,tudo,2.0
favorito,ter,1.0
nos,pai,1.0
galo,linha,1.0
ao,porque,2.0
galo,parede,1.0
acha,um,1.0
josé,lutador,1.0
conta,rir,1.0
de,po,1.0
me,pro,1.0
país,qual,1.0
rapper,toca,2.0
de,tomou,2.0
bala,belo,1.0
ai,da,1.0
cálice,deixa,3.0
fazendo,lá,1.0
pro,vem,1.0
lá,que,2.0
calça,que,1.0
militar,regime,1.0
com,uma,4.0
gosta,não,1.0
anões,bar,1.0
futuro,mão,1.0
em,letra,1.0
mão,uma,1.0
os,vinho,1.0
na,socorro,1.0
pra,óculos,1.0
os,pote,1.0
animal,mia,1.0
correr,porque,2.0
nos,porque,1.0
mãe,preferido,1.0
há,pra,2.0
deixa,nova,1.0
forma,mente,1.0
bíblia,vivia,1.0
de,meia,1.0
de,wii,4.0
com,passos,2.0
em,oi,1.0
sobre,triste,1.0
depois,dos,1.0
outra,rir,1.0
esta,fala,1.0
nudes,sem,1.0
bateu,galo,1.0
la,preferido,1.0
calça,por,1.0
mia,qual,3.0
de,fazem,2.0
dias,uber,1.0
não,outro,1.0
na,que,10.0
ano,on,1.0
em,questão,1.0
novela,paraíso,1.0
leva,pode,1.0
diagnóstico,mia,1.0
ele,só,2.0
das,em,1.0
qual,socorro,1.0
guerra,natal,1.0
porque,star,1.0
cultura,uma,1.0
pão,um,1.0
dálias,nos,1.0
de,tinha,2.0
consola,triste,1.0
em,tenho,1.0
braille,se,1.0
bater,queria,1.0
ho,no,3.0
cu,som,1.0
espelho,se,1.0
aparecida,cida,2.0
dois,quem,1.0
correr,hoje,2.0
apresentador,as,1.0
cantor,depois,1.0
como,mim,1.0
com,foi,1.0
papa,pequeno,1.0
braille,perde,1.0
eu,ou,1.0
frango,quê,1.0
cida,história,1.0
na,por,4.0
galo,que,1.0
cida,mas,1.0
de,usado,1.0
mal,passos,1.0
que,vir,1.0
homem,jesus,1.0
qual,toma,1.0
presidente,que,2.0
cidade,nova,1.0
cachorros,era,1.0
qual,que,8.0
cultura,só,1.0
em,nova,2.0
dente,pediram,1.0
bode,quando,1.0
ex,relacionamento,1.0
andam,por,1.0
da,fica,1.0
atriz,por,1.0
de,tirar,2.0
brasileira,zé,1.0
com,saco,1.0
não,tá,3.0
bem,ela,1.0
era,má,1.0
academia,só,1.0
perde,sempre,1.0
cão,se,2.0
ex,figura,1.0
patas,tem,2.0
bater,de,2.0
skywalker,são,2.0
com,fazendo,1.0
galo,por,1.0
cálice,me,3.0
no,sair,1.0
do,vir,1.0
eles,que,1.0
dos,guerra,2.0
far,uber,1.0
construção,herói,1.0
filhos,saúde,1.0
dum,na,1.0
jogadora,ponto,1.0
como,pelo,1.0
pra,uber,1.0
carta,por,1.0
marvel,sucesso,1.0
que,trabalho,1.0
do,santos,1.0
por,vê,1.0
mãe,qual,1.0
tenho,uma,1.0
economia,seus,1.0
cu,de,2.0
correr,numa,1.0
doce,ti,1.0
braille,pra,1.0
do,pro,1.0
black,negro,1.0
férias,último,1.0
são,só,2.0
gatos,se,1.0
dia,todos,1.0
brasileira,lá,1.0
não,pessoas,1.0
foice,trabalho,1.0
la,qual,2.0
moro,qual,1.0
de,música,1.0
dos,último,3.0
da,dá,2.0
ex,quando,1.0
mundo,skywalker,1.0
pescoço,trás,1.0
para,presente,1.0
prato,vive,1.0
fizeram,vaca,1.0
porco,tudo,1.0
mirim,uma,1.0
as,má,1.0
não,pote,1.0
patos,quando,1.0
eles,eu,2.0
do,elfo,1.0
posto,você,1.0
dias,qual,1.0
batman,esta,1.0
chamase,para,1.0
cai,que,2.0
ex,gado,3.0
com,meu,1.0
cão,muita,1.0
consola,qual,1.0
de,te,1.0
dela,ela,1.0
carta,po,1.0
de,nada,2.0
em,tempo,1.0
cinco,ele,1.0
adele,qual,1.0
ficou,polegar,1.0
loulé,onde,3.0
na,tinha,3.0
cachorros,tão,2.0
da,gado,2.0
dorme,qual,2.0
guerra,série,1.0
gosta,ser,1.0
de,patos,1.0
rita,viu,1.0
marcelo,rap,1.0
comida,on,1.0
estava,que,4.0
casa,criado,1.0
fizeram,os,1.0
do,socorro,1.0
chão,com,1.0
quem,um,1.0
cheia,rir,1.0
ele,toca,1.0
marvel,qual,1.0
prazo,que,2.0
comida,um,1.0
bonita,de,2.0
gente,nova,1.0
gostam,tirar,2.0
eles,nos,2.0
mudo,vivia,1.0
dálias,flores,2.0
dias,quais,1.0
cabeça,porque,2.0
mais,que,5.0
estava,por,2.0
com,nem,1.0
as,in,2.0
foi,mente,1.0
na,onde,2.0
esta,está,1.0
minas,pote,1.0
escola,la,1.0
do,favorita,2.0
curte,te,2.0
qual,zé,2.0
está,minnie,1.0
no,pau,2.0
qual,volta,1.0
dá,lugar,1.0
são,às,1.0
dois,que,1.0
bom,pena,1.0
dormir,tá,1.0
doença,si,1.0
mickey,má,1.0
os,pro,1.0
banda,padre,1.0
carta,tinha,3.0
ex,porque,2.0
pra,sol,1.0
limpa,terra,1.0
de,profissão,1.0
far,qual,1.0
por,primos,1.0
foram,não,1.0
cor,nada,1.0
chama,não,2.0
dos,para,1.0
ex,tão,1.0
do,preferida,1.0
brasileiro,sou,1.0
colocar,socorro,1.0
cu,jardineiro,1.0
céu,qual,1.0
com,muito,1.0
carne,mão,1.0
de,four,2.0
mirim,sua,1.0
mais,por,1.0
ir,que,3.0
ela,má,1.0
homem,uma,1.0
desse,que,1.0
padre,um,1.0
cama,tá,2.0
no,viu,1.0
forma,vê,1.0
as,pô,1.0
cara,no,1.0
elfo,uma,1.0
depois,nada,1.0
meu,remédio,1.0
eu,via,2.0
carta,tirar,2.0
avó,no,2.0
era,mim,1.0
céu,dia,1.0
quem,tá,1.0
não,são,1.0
bah,gaúchos,1.0
do,eu,1.0
que,rádio,1.0
carro,uber,1.0
na,papel,1.0
lá,salvador,1.0
muita,porque,1.0
curte,sabe,1.0
na,sempre,3.0
que,the,1.0
pai,roo,3.0
grande,qual,1.0
há,vendido,1.0
estava,mesmo,2.0
da,forma,1.0
do,paciente,1.0
ir,por,1.0
disse,qual,1.0
ninguém,star,1.0
graça,maria,3.0
maior,que,1.0
desse,por,1.0
comprar,pressão,1.0
criança,má,1.0
tarde,virgem,1.0
passos,um,1.0
horas,impossível,1.0
ca,que,3.0
feliz,nota,1.0
sal,ásia,1.0
má,só,1.0
com,no,3.0
letra,no,1.0
herói,tudo,1.0
estão,no,1.0
ele,homo,2.0
da,mas,1.0
do,programa,1.0
brasil,em,1.0
até,tá,1.0
jornalista,la,1.0
do,ele,2.0
na,nada,1.0
atriz,uma,1.0
muito,piada,1.0
alexandre,cantor,1.0
altas,banda,1.0
mesmo,que,2.0
belo,história,1.0
parente,que,1.0
apanhou,roubar,1.0
anal,loiras,1.0
méxico,os,1.0
chama,vaise,2.0
outra,parede,1.0
dá,quer,1.0
on,pra,1.0
dorme,esposa,1.0
branco,passar,2.0
alguém,pressão,1.0
no,torto,1.0
tira,tá,1.0
nos,the,1.0
black,favorita,1.0
in,the,2.0
em,só,7.0
de,meu,2.0
de,difícil,2.0
com,pô,1.0
na,pedreiro,1.0
as,nudes,1.0
belo,uma,1.0
reclama,se,1.0
churrascaria,gado,1.0
má,sabe,1.0
de,peixe,1.0
sol,óculos,2.0
cantora,ho,3.0
desse,ele,1.0
de,ou,1.0
da,só,2.0
qual,te,2.0
não,passado,1.0
qual,sou,1.0
muito,trabalho,2.0
mesmo,por,1.0
cinco,ver,1.0
nora,pode,1.0
grupo,tudo,1.0
carta,uma,3.0
tony,trabalha,1.0
depressão,está,1.0
ambos,planeta,1.0
disse,passarinho,1.0
acha,pro,1.0
eu,não,1.0
be,um,1.0
vir,vou,1.0
da,nora,1.0
como,filme,1.0
perguntaram,show,1.0
qual,rapper,2.0
pai,unidos,1.0
choque,qual,2.0
alexandre,favorito,1.0
sul,todos,1.0
pro,tem,1.0
no,tá,3.0
avó,família,1.0
lá,tudo,1.0
bem,qual,1.0
curte,dar,1.0
cachorros,os,1.0
quer,sabor,1.0
lá,qual,2.0
aquático,pede,1.0
amor,brasileiro,1.0
lá,seleção,1.0
de,nem,1.0
de,seus,1.0
massa,que,2.0
do,lugar,1.0
campo,foi,1.0
lobato,sempre,1.0
ali,massa,1.0
ciclista,na,1.0
bah,dos,2.0
as,vermelho,1.0
dente,qual,1.0
dieta,et,1.0
do,mundo,1.0
nada,porque,2.0
para,um,5.0
quando,viu,1.0
qual,skywalker,1.0
nada,pessoa,1.0
dos,dá,1.0
os,parente,1.0
comprar,de,1.0
dá,podem,1.0
four,mais,1.0
mas,passarinho,1.0
frango,no,1.0
nem,que,3.0
cimento,que,1.0
advogado,direito,1.0
computador,deus,1.0
passos,se,1.0
carta,foi,2.0
de,muito,1.0
passou,the,1.0
faz,gado,1.0
bater,um,1.0
patas,que,2.0
deitou,entrou,1.0
anão,que,1.0
atriz,menina,1.0
no,se,2.0
que,saúde,2.0
diagnóstico,se,1.0
já,que,2.0
guia,letra,1.0
corri,fala,1.0
mar,viu,1.0
acém,de,1.0
com,está,1.0
cida,mais,1.0
como,período,1.0
ave,era,1.0
entre,planeta,1.0
jogo,mortal,1.0
que,ver,3.0
com,homem,1.0
ele,ásia,1.0
cinzas,qual,1.0
cidade,sul,1.0
coisas,ontem,1.0
que,uber,3.0
de,sofre,2.0
pela,socorro,1.0
se,uma,2.0
bar,que,1.0
foi,mal,3.0
no,tem,3.0
tio,viu,1.0
que,quer,2.0
das,sair,1.0
cu,um,2.0
ai,qual,3.0
nome,ti,1.0
ciência,que,1.0
ou,qual,3.0
dá,qual,5.0
qual,tudo,1.0
histórico,volta,1.0
duro,qual,1.0
dum,impossível,1.0
de,in,2.0
estavam,passarinho,1.0
fulano,preferida,1.0
as,entrar,1.0
la,para,1.0
moro,para,1.0
de,no,3.0
pote,que,2.0
porque,vê,1.0
diz,mente,1.0
entrou,paciente,1.0
com,vermelho,2.0
se,só,4.0
mar,um,1.0
apanhou,um,2.0
foi,pontos,2.0
como,pó,8.0
dias,matar,1.0
com,não,1.0
be,se,1.0
ana,uma,1.0
muito,paciente,1.0
cry,mais,1.0
do,ver,1.0
em,estou,1.0
não,que,8.0
passado,sal,1.0
flor,nome,1.0
nudes,pessoas,1.0
de,varau,5.0
do,quer,1.0
patas,pato,2.0
bahia,entre,1.0
notas,virase,1.0
bola,de,1.0
programa,star,1.0
mais,miss,1.0
lá,sandy,1.0
era,quando,1.0
cama,dormir,1.0
da,si,1.0
piada,rir,1.0
este,um,1.0
direito,que,1.0
mais,nada,1.0
qual,rita,1.0
ficar,pô,1.0
ponto,vai,1.0
na,nome,1.0
dentro,in,1.0
banho,tá,1.0
muitos,problemas,1.0
dar,que,3.0
acém,carne,1.0
ela,não,2.0
não,por,3.0
filme,impossível,2.0
manicure,se,1.0
casal,em,1.0
pessoas,vinho,1.0
em,mia,3.0
mar,pela,1.0
pão,que,1.0
cigarro,morreu,1.0
curte,no,1.0
cu,sabão,1.0
em,há,2.0
dos,mata,1.0
com,piscina,1.0
deveria,pena,1.0
para,se,1.0
ele,patas,1.0
renda,se,1.0
das,mais,1.0
negro,tem,1.0
um,você,1.0
com,esta,2.0
mal,não,1.0
chá,os,1.0
força,sobre,1.0
carnaval,oi,1.0
pra,vez,1.0
da,mia,2.0
fizeram,um,1.0
era,ser,1.0
do,sucesso,3.0
dá,filho,2.0
ex,trabalha,1.0
potter,que,1.0
mas,são,1.0
dá,seriado,1.0
deixar,que,1.0
lobato,qual,2.0
ex,jackson,1.0
anda,patas,1.0
estado,ser,1.0
harry,livro,1.0
nas,posto,1.0
elas,só,1.0
jackson,vem,2.0
conto,matemáticos,1.0
onde,vento,1.0
do,físico,2.0
para,tem,2.0
quem,vir,1.0
filho,se,1.0
depressão,quando,1.0
de,via,3.0
ah,linda,1.0
dos,tv,1.0
bater,na,2.0
dá,própria,1.0
marido,que,1.0
porque,são,3.0
duas,uma,1.0
gado,preferido,1.0
está,saúde,1.0
estão,vento,1.0
de,ti,1.0
deixar,por,1.0
feira,tinha,1.0
há,portas,1.0
paga,quer,1.0
ao,papa,1.0
os,veterinário,2.0
briga,no,1.0
era,fazer,1.0
et,que,1.0
banho,dias,1.0
cheia,maria,3.0
lanche,pô,2.0
os,sempre,1.0
brasil,os,1.0
cara,era,1.0
elas,sabe,1.0
pés,sem,1.0
com,semelhança,1.0
porque,primos,3.0
passar,tu,1.0
os,uber,1.0
frango,não,1.0
mortal,qual,1.0
morre,vou,1.0
como,sem,1.0
mar,se,1.0
star,são,2.0
mas,naldo,1.0
brasil,de,1.0
foice,qual,1.0
economia,fizeram,1.0
disse,já,3.0
banda,se,1.0
pede,vive,1.0
na,no,2.0
pouco,um,1.0
cigarro,que,1.0
donald,que,3.0
cidade,como,1.0
donald,favorita,1.0
dia,tão,1.0
piada,pra,1.0
do,gatos,1.0
com,come,1.0
da,homo,1.0
ficou,zero,1.0
do,qual,10.0
atriz,no,1.0
dupla,meu,1.0
ele,perde,1.0
que,sobre,1.0
bebês,do,1.0
nas,que,1.0
curte,mim,1.0
fica,primos,1.0
instagram,melhor,1.0
elas,roupa,1.0
pau,tem,1.0
do,mirim,1.0
com,quando,2.0
ele,na,2.0
programa,ter,1.0
de,geometria,1.0
em,moro,1.0
música,vem,1.0
pelas,só,1.0
qualquer,uber,1.0
de,vermelho,1.0
disse,frango,1.0
escreve,triste,1.0
de,não,8.0
boca,foi,1.0
dizer,na,1.0
semana,vir,1.0
do,país,1.0
flores,são,2.0
ficar,não,1.0
sempre,um,1.0
ah,da,3.0
anda,tem,1.0
minas,nos,1.0
nas,por,1.0
cão,do,1.0
four,se,1.0
doença,se,1.0
em,mais,2.0
mão,vive,1.0
não,tirar,2.0
leite,na,1.0
four,pessoas,1.0
muito,sempre,1.0
mandou,meu,1.0
com,ser,1.0
estados,pai,1.0
como,duro,1.0
da,tom,1.0
cigarro,tentou,1.0
filme,largou,1.0
far,por,1.0
bem,feliz,1.0
figura,linda,1.0
que,vê,3.0
chama,seis,2.0
doce,pé,1.0
chega,quase,1.0
mas,mil,1.0
da,mais,1.0
chefe,ter,2.0
há,qual,3.0
mas,pão,1.0
avó,filme,1.0
tem,ver,2.0
atchim,passa,1.0
mia,mãe,1.0
entre,lanche,1.0
in,pessoas,1.0
qual,último,1.0
feira,uma,1.0
qualquer,sucesso,1.0
criança,era,1.0
depois,rap,1.0
das,donald,1.0
por,uma,2.0
rádio,todos,1.0
ao,vão,1.0
com,pai,1.0
favorita,in,1.0
curte,não,1.0
livro,que,1.0
de,tenho,3.0
brasileiro,quase,1.0
nos,pote,2.0
musical,óculos,1.0
ela,ser,2.0
por,te,1.0
de,entrar,2.0
dos,natal,1.0
chama,sem,2.0
de,ganhou,3.0
má,ásia,1.0
pede,ponto,1.0
foi,para,2.0
ir,ou,1.0
do,paraíso,2.0
evitar,tem,1.0
ex,pau,1.0
coisas,para,2.0
patas,único,1.0
nem,rapper,1.0
ser,todos,1.0
meia,sem,2.0
céu,depois,1.0
ator,céu,1.0
meu,vc,1.0
outra,sucesso,1.0
planta,que,1.0
cimento,pedreiro,1.0
de,vai,1.0
está,tá,1.0
beto,cantor,1.0
harry,um,1.0
diz,vê,1.0
be,parte,1.0
cachorros,um,1.0
os,qual,1.0
mia,só,1.0
carta,com,1.0
deixa,um,1.0
um,virase,1.0
com,porque,5.0
pessoas,vir,1.0
gaúchos,sul,1.0
como,ex,3.0
estão,porque,2.0
sul,todo,1.0
filme,mente,1.0
não,sempre,1.0
ficar,relacionamento,1.0
os,presidente,2.0
bom,que,3.0
que,roupas,1.0
com,tão,1.0
silvio,toda,1.0
do,estado,1.0
pela,quer,1.0
qual,ti,2.0
pai,que,1.0
fera,qual,1.0
mas,que,2.0
quando,tio,1.0
físico,um,1.0
mal,pai,1.0
inventou,por,1.0
foi,preto,1.0
dentro,entrar,1.0
cry,na,2.0
atchim,que,2.0
estavam,frango,1.0
as,pó,8.0
mente,nos,1.0
planeta,sol,1.0
de,fábio,1.0
para,vir,2.0
dum,serpente,1.0
anda,elas,1.0
não,te,1.0
do,escola,1.0
céu,quis,1.0
na,quase,1.0
estava,no,2.0
be,da,1.0
ave,de,3.0
ler,mia,1.0
em,notas,1.0
planeta,qual,1.0
não,salvador,1.0
dizia,eva,1.0
frente,vai,1.0
em,piratas,1.0
ponto,só,1.0
porque,que,2.0
pode,pé,1.0
disse,dá,2.0
ai,para,1.0
gucci,rico,3.0
churrascaria,como,1.0
posto,que,1.0
era,mar,1.0
dá,para,2.0
passar,que,1.0
do,voltou,1.0
ex,um,4.0
de,era,3.0
eu,outros,1.0
está,mal,1.0
banheiro,cu,1.0
oi,qual,1.0
dar,te,1.0
sempre,vinho,1.0
essa,faustão,1.0
casa,preto,2.0
chocolate,pô,1.0
algumas,há,1.0
isto,para,1.0
aconteceu,homo,1.0
mario,qual,1.0
bem,fica,3.0
dele,vem,1.0
cai,com,1.0
que,quem,1.0
dente,dentista,1.0
do,guerra,1.0
de,mario,1.0
tem,tudo,1.0
filha,só,1.0
dia,os,1.0
de,grande,1.0
pessoa,sem,2.0
amigo,no,1.0
cinzas,preto,1.0
do,férias,1.0
chão,deitou,1.0
passar,por,1.0
dá,letra,2.0
os,paraíso,1.0
musical,uber,1.0
mil,um,1.0
de,vale,1.0
nos,são,1.0
quer,viu,1.0
braille,tenta,1.0
como,do,1.0
de,gado,2.0
os,pontos,1.0
animal,fofoca,1.0
filha,nora,1.0
chave,professor,2.0
de,em,9.0
não,virgem,1.0
faustão,mirim,1.0
ganhou,que,1.0
nudes,que,1.0
deixar,patos,3.0
galinha,galo,2.0
dias,uma,1.0
desse,no,1.0
leva,que,1.0
do,primos,1.0
fez,regime,1.0
graça,loja,1.0
de,ser,2.0
fulano,qual,1.0
dorme,história,1.0
dum,qual,1.0
quê,são,1.0
dorme,mas,1.0
meu,qual,2.0
cego,duro,1.0
cima,oi,1.0
qual,ventura,1.0
de,nascimento,2.0
deitou,nome,1.0
carro,por,1.0
cara,eles,1.0
da,essa,1.0
notas,para,1.0
muito,país,1.0
consola,uma,1.0
dor,paciente,1.0
fazer,sabe,1.0
nos,tio,1.0
do,paga,1.0
amor,de,2.0
eu,si,1.0
essa,filme,1.0
jackson,pop,1.0
santos,show,1.0
dos,série,1.0
família,parente,1.0
cu,da,1.0
nudes,tira,1.0
papa,que,2.0
paulo,tio,1.0
melhor,silvio,1.0
muito,pede,1.0
na,vai,1.0
bode,na,1.0
as,lanche,1.0
ex,zero,1.0
ama,que,1.0
que,vez,2.0
adão,paraíso,1.0
de,pai,5.0
quer,um,2.0
cachorros,na,1.0
mickey,minnie,2.0
pai,teve,1.0
não,tudo,1.0
andam,vai,1.0
cida,linda,1.0
consola,só,1.0
aí,pé,1.0
perde,tv,1.0
do,perguntaram,1.0
me,que,3.0
carreira,uma,1.0
criado,falar,1.0
paraíso,qual,1.0
dá,fica,1.0
dá,tira,1.0
de,fazer,3.0
anal,sexo,2.0
os,ovo,1.0
ator,naldo,1.0
disney,fera,1.0
papel,porque,1.0
ela,minnie,1.0
de,médico,1.0
dias,foi,1.0
de,porque,9.0
mesmo,no,1.0
de,única,1.0
qual,vai,1.0
mais,ti,1.0
josé,qual,2.0
cara,os,2.0
alimento,de,1.0
guerra,preferida,1.0
de,tão,2.0
ah,mundo,1.0
céu,mas,1.0
fica,mesmo,1.0
de,manda,1.0
menina,pena,1.0
ex,se,1.0
nao,ásia,1.0
mente,ver,1.0
dos,nunca,1.0
restaurante,tem,1.0
pão,qual,1.0
do,feliz,1.0
pela,rita,1.0
pelo,quer,1.0
dizer,trabalho,1.0
bebês,dança,1.0
ferramenta,martelo,1.0
casa,dá,1.0
comida,far,1.0
me,xmen,1.0
loiras,rir,1.0
contra,filme,1.0
com,mar,1.0
potter,tudo,1.0
me,tesão,1.0
filme,país,1.0
boca,pô,1.0
já,nem,1.0
porque,tinha,1.0
ex,na,2.0
cidade,curte,1.0
do,já,1.0
foi,tinha,1.0
deitou,in,1.0
de,ponto,3.0
na,quando,1.0
escola,pai,1.0
ambos,consola,1.0
estão,os,1.0
deitou,no,1.0
quem,triste,1.0
musical,sol,1.0
com,sem,2.0
dos,mais,1.0
físico,pra,1.0
impossível,tom,1.0
bicho,férias,1.0
com,jogador,1.0
cu,preferida,1.0
qual,vi,1.0
cara,deitou,1.0
com,pé,1.0
mão,pé,1.0
la,número,1.0
construção,piada,1.0
pro,sempre,1.0
de,marvel,1.0
pau,que,3.0
porque,tirar,4.0
homem,pai,1.0
marido,qual,1.0
há,vez,1.0
churrascaria,um,1.0
de,dela,1.0
dos,tony,1.0
das,linda,1.0
cida,da,1.0
de,herói,2.0
atriz,vale,1.0
de,direito,2.0
aconteceu,pelo,1.0
dálias,usar,1.0
este,que,1.0
momento,moro,1.0
padaria,sem,1.0
de,meio,1.0
anal,que,1.0
banda,preferida,2.0
emprego,in,1.0
morar,saco,1.0
bom,sempre,1.0
em,pra,1.0
plantas,são,2.0
cachorros,chique,2.0
bater,ela,1.0
de,pó,2.0
do,ventura,1.0
elfo,porque,2.0
do,oi,1.0
inventou,nada,1.0
ao,que,1.0
cima,em,1.0
de,ir,2.0
que,tira,1.0
ali,avó,1.0
uber,vai,4.0
be,você,1.0
se,vaise,2.0
anal,por,1.0
automóvel,na,1.0
cu,ele,1.0
dificuldade,tirar,2.0
chá,na,1.0
faustão,férias,1.0
four,inglês,1.0
dar,diz,1.0
professor,vê,1.0
mas,miss,1.0
criança,pé,1.0
como,dia,1.0
bar,no,1.0
dá,medida,1.0
de,material,1.0
nudes,onde,1.0
estados,the,1.0
correr,que,1.0
nada,três,1.0
com,padre,3.0
nada,tá,1.0
nos,que,2.0
no,sempre,1.0
in,que,2.0
ao,por,1.0
todos,um,2.0
cida,pode,1.0
passos,uber,1.0
por,pô,1.0
te,tenho,1.0
astronauta,era,1.0
lugar,tu,1.0
bahia,ou,3.0
eles,em,1.0
brasileiro,herói,1.0
marido,nome,1.0
fez,in,1.0
ah,fruta,1.0
pelo,qual,1.0
do,fica,1.0
choque,gostam,1.0
no,quer,1.0
sem,tão,1.0
ele,leva,1.0
essa,seis,1.0
dias,há,3.0
crianças,dá,1.0
passado,que,1.0
te,vai,1.0
nos,por,1.0
foi,nada,2.0
chave,portas,1.0
eu,santo,1.0
podem,portas,1.0
acha,dorme,1.0
carro,la,1.0
primeiro,the,1.0
animal,serpente,1.0
paciente,que,2.0
dizer,potter,1.0
de,seis,1.0
qual,tão,1.0
outro,passarinho,1.0
físico,mulher,2.0
carne,que,1.0
comer,pô,1.0
de,polegar,1.0
on,passou,1.0
filme,são,2.0
minha,só,1.0
lá,só,1.0
carta,porque,2.0
de,mão,4.0
pro,tudo,1.0
difícil,uma,2.0
com,como,1.0
em,linda,1.0
favorita,pai,1.0
pro,qual,1.0
cai,em,1.0
ganhou,uma,2.0
superherói,thor,1.0
ganhou,miss,1.0
de,os,7.0
mirim,pé,3.0
duro,praia,1.0
chegou,terra,1.0
qual,tv,1.0
remédio,uber,1.0
chão,um,1.0
mim,que,1.0
pessoas,ver,1.0
aconteceu,se,1.0
mulher,tarde,1.0
do,dá,4.0
nada,passou,1.0
bem,foi,1.0
pessoas,quer,1.0
correr,ele,1.0
comprar,minnie,1.0
as,santo,1.0
ah,qual,4.0
ao,obrigado,1.0
de,pé,4.0
diz,po,2.0
se,ser,1.0
para,saúde,1.0
bahia,choque,2.0
entrar,que,1.0
em,mulher,1.0
casa,só,4.0
michael,vem,1.0
do,mudo,1.0
padre,qual,1.0
cantora,regime,1.0
foi,perdeu,1.0
pessoas,salvador,1.0
cama,filho,1.0
só,um,2.0
ver,xmen,1.0
loja,tenho,1.0
que,vou,1.0
tv,um,1.0
não,via,1.0
bater,sempre,1.0
calor,pelo,1.0
foi,regime,1.0
come,rei,1.0
mudo,qual,1.0
matemática,problemas,1.0
atchim,qual,2.0
corri,de,2.0
dá,foice,1.0
bate,não,1.0
dia,um,5.0
ou,só,1.0
duro,foice,1.0
entrar,por,2.0
eu,um,1.0
médico,paciente,1.0
casa,foi,2.0
essa,gosta,1.0
difícil,foi,1.0
dela,mickey,1.0
mão,ter,1.0
passar,roupa,1.0
homo,virou,1.0
meia,sobre,1.0
desse,quando,1.0
cor,os,1.0
dia,outro,2.0
dança,do,3.0
chave,qual,1.0
no,qual,4.0
favorito,pô,1.0
amor,um,2.0
ave,rir,1.0
cabeleireiro,ser,1.0
cor,de,2.0
da,pro,1.0
notas,uma,1.0
pés,são,2.0
de,notícia,1.0
letra,santo,1.0
estava,mata,1.0
cidade,da,1.0
dos,se,2.0
quando,quer,1.0
de,musical,1.0
desistiu,havia,1.0
ah,filho,1.0
depressão,um,1.0
passar,vida,1.0
mulher,um,1.0
com,pau,1.0
as,um,3.0
ninguém,tirar,2.0
pro,sandy,1.0
cida,desenho,1.0
nudes,roupa,1.0
esta,na,2.0
bate,entrar,1.0
dois,fizeram,1.0
de,doce,1.0
mar,quer,3.0
no,rita,1.0
menino,the,1.0
as,roo,3.0
cantor,casa,1.0
ai,fazendo,1.0
má,sem,1.0
mais,mata,1.0
brasileira,galo,1.0
as,outro,2.0
passos,quais,1.0
in,onde,3.0
disney,essa,1.0
filme,pão,1.0
ela,mente,1.0
eva,nasceu,1.0
dá,sua,1.0
ai,verdura,1.0
ela,saúde,1.0
ponto,um,3.0
nome,sal,1.0
cão,floresta,1.0
banda,nas,1.0
favorito,network,1.0
qual,vaca,1.0
figura,qual,1.0
carnaval,loulé,3.0
as,patas,1.0
na,os,2.0
ah,wars,1.0
cara,um,1.0
cão,que,2.0
cabeça,que,2.0
avó,um,1.0
cu,fruta,1.0
da,mar,1.0
criado,preto,1.0
sobre,ásia,1.0
chão,na,2.0
manda,qual,1.0
elas,porque,1.0
as,papa,1.0
cida,do,1.0
que,uma,8.0
negro,qual,1.0
direito,não,1.0
em,sem,1.0
por,vai,5.0
odeia,vê,1.0
disse,homo,1.0
ver,vou,2.0
pena,vale,1.0
no,nome,1.0
linda,qual,1.0
ama,qual,2.0
pra,pô,1.0
casa,michael,1.0
anos,potter,1.0
com,on,1.0
que,te,4.0
et,família,1.0
sol,uma,1.0
four,sempre,1.0
gato,japonês,1.0
ela,seu,1.0
da,sem,1.0
banda,sucesso,1.0
festa,vir,1.0
foice,uma,1.0
um,wii,1.0
cantora,galo,1.0
ave,galinha,1.0
patos,que,1.0
guerra,qual,1.0
eu,se,2.0
com,um,8.0
acha,ah,1.0
bem,má,1.0
história,presidente,2.0
ao,nada,2.0
magro,rapaz,1.0
só,tem,1.0
disse,varau,5.0
belo,sem,1.0
bater,qual,1.0
animais,méxico,1.0
as,rir,1.0
casa,terra,1.0
ben,vez,1.0
deixar,não,1.0
ele,físico,1.0
numa,só,1.0
dia,dias,1.0
dia,tem,2.0
com,outro,1.0
ana,mulher,1.0
diz,uma,1.0
nome,pena,1.0
algo,via,1.0
banho,tudo,1.0
em,mania,1.0
tempo,um,1.0
má,namorada,1.0
minnie,pra,2.0
chefe,dos,1.0
meu,prazo,2.0
não,vai,1.0
com,patas,1.0
deus,momento,1.0
qual,si,1.0
canta,reta,2.0
fofoca,que,3.0
quando,tudo,1.0
economia,na,2.0
de,mais,3.0
boca,porque,1.0
avó,tá,3.0
que,sabe,3.0
está,onde,1.0
bola,preferida,1.0
do,só,4.0
dá,poder,1.0
instrumento,on,1.0
depressão,se,2.0
cu,qual,2.0
beatles,que,1.0
não,vento,1.0
cimento,quando,1.0
construção,obras,1.0
que,skywalker,2.0
casa,má,1.0
bate,correr,2.0
ontem,um,1.0
em,star,1.0
mal,um,1.0
comediante,há,1.0
pena,porque,1.0
profissão,uma,1.0
do,nora,3.0
onde,tá,1.0
que,saco,1.0
de,tony,1.0
ah,dorme,2.0
gado,mãe,2.0
assistir,te,1.0
depressão,na,1.0
anda,four,1.0
pessoas,pontos,1.0
cantor,ex,1.0
boca,itália,1.0
da,star,1.0
mar,qual,1.0
outro,pão,1.0
que,regime,2.0
as,chamase,1.0
as,na,2.0
ontem,outro,1.0
graça,mas,1.0
as,tem,3.0
eles,si,1.0
de,sal,1.0
há,uma,1.0
as,pote,2.0
da,fofoca,1.0
de,tarde,1.0
pau,qual,2.0
banda,qual,2.0
de,santo,1.0
eu,vilão,1.0
material,mia,1.0
mil,tentou,1.0
piratas,qual,1.0
aceita,nem,1.0
ele,qual,1.0
graça,uma,3.0
quando,rita,1.0
podem,são,1.0
rir,uma,2.0
para,paraíso,2.0
do,josé,2.0
em,passar,3.0
este,qual,1.0
por,ser,1.0
regime,sempre,1.0
filho,mal,1.0
para,pontos,1.0
canta,da,1.0
cães,os,1.0
contra,do,1.0
qual,vem,1.0
indiano,que,1.0
linda,mulheres,1.0
fábio,pó,1.0
cara,na,1.0
batman,que,2.0
porque,pô,1.0
que,rede,1.0
avó,dias,3.0
família,primos,1.0
mim,te,1.0
criado,mudo,2.0
das,ver,1.0
sul,um,1.0
em,ex,1.0
comprar,largou,1.0
anos,bater,1.0
frango,um,2.0
podem,primos,1.0
se,sem,3.0
leite,qual,1.0
estar,força,1.0
olho,te,1.0
avó,rio,1.0
quando,show,1.0
on,que,2.0
parede,uma,1.0
como,que,5.0
quis,seu,1.0
in,sua,1.0
four,qual,1.0
chamam,pelo,1.0
pé,que,2.0
frango,outro,1.0
outro,que,2.0
de,marcelo,2.0
num,uma,1.0
pessoa,são,1.0
mais,às,1.0
os,passos,1.0
dois,seis,2.0
gado,sabe,1.0
deus,disney,1.0
fruta,ásia,1.0
do,economia,1.0
não,tempo,1.0
com,na,3.0
na,nunca,1.0
um,uma,2.0
com,tem,3.0
banda,mal,3.0
bebe,ser,1.0
meu,sertaneja,1.0
só,todas,1.0
por,porque,3.0
ana,sem,1.0
de,on,2.0
alfaiate,ver,1.0
nada,que,5.0
quando,sandy,1.0
deixar,era,1.0
on,por,1.0
do,sul,4.0
melhor,óculos,1.0
como,dos,1.0
porque,via,2.0
consola,semelhança,1.0
carne,four,1.0
ana,pequeno,1.0
em,você,1.0
dois,os,1.0
bateu,estava,1.0
deixar,quando,1.0
de,um,12.0
ah,para,1.0
mal,se,2.0
canal,network,1.0
pizza,rita,2.0
ficar,um,1.0
ai,procura,1.0
este,nome,1.0
cultura,pessoas,1.0
da,desenho,1.0
black,mortal,2.0
carro,com,2.0
tirar,têm,2.0
ao,ou,1.0
braille,mas,1.0
desistiu,impossível,1.0
chega,marcelo,1.0
alta,paciente,1.0
nada,por,4.0
ai,pô,2.0
alguém,do,1.0
aos,aí,1.0
de,outro,2.0
obrigado,que,1.0
mal,na,1.0
braille,uma,1.0
acontece,braille,1.0
carne,qual,1.0
briga,pau,1.0
como,jesus,1.0
ela,vê,1.0
lanche,odeia,1.0
conta,nora,1.0
cheia,era,1.0
brasil,programa,1.0
as,tu,1.0
bem,ásia,1.0
bah,mortal,1.0
tem,uma,3.0
como,po,2.0
lá,ásia,1.0
em,eva,1.0
da,do,2.0
nova,se,1.0
obrigado,por,2.0
ex,neve,1.0
mas,não,1.0
direito,porque,2.0
depois,marcelo,2.0
elfo,seu,1.0
em,mente,2.0
ho,que,3.0
saco,você,1.0
anda,carreira,1.0
cantor,marcelo,1.0
dum,uma,2.0
qual,tony,2.0
já,meio,2.0
duas,sem,1.0
braille,turma,1.0
atchim,doença,1.0
fazer,porque,2.0
de,thor,1.0
paga,sul,1.0
de,tá,2.0
chama,que,2.0
do,má,2.0
homo,quando,1.0
de,sozinho,1.0
cozinha,ondas,1.0
fulano,nada,1.0
meia,que,1.0
das,qual,1.0
patos,sempre,1.0
era,parede,1.0
as,harry,2.0
de,rir,1.0
com,elas,1.0
nas,quando,1.0
perde,tem,1.0
na,ásia,2.0
caverna,com,1.0
cidade,nas,1.0
adora,ti,1.0
ao,choque,2.0
os,sul,1.0
minha,um,1.0
dias,dois,1.0
ah,fica,1.0
vai,vc,1.0
empresa,mirim,1.0
ben,em,1.0
ama,estados,1.0
nada,obrigado,2.0
animal,que,1.0
amigo,vem,1.0
dálias,usam,1.0
encontrar,ir,1.0
hoje,sair,1.0
pai,tenho,1.0
mulher,vir,2.0
fazer,ponto,1.0
festa,fez,1.0
das,país,2.0
sexy,vir,1.0
da,preferido,1.0
disney,minnie,1.0
de,se,7.0
da,portas,1.0
mais,sair,1.0
comida,dá,1.0
consola,sapato,3.0
de,diagnóstico,1.0
chama,eu,1.0
josé,uma,1.0
mão,tio,3.0
campo,seu,1.0
de,pessoas,1.0
animal,tira,1.0
cobra,grupo,1.0
de,perde,1.0
filme,te,1.0
ao,no,1.0
problemas,que,1.0
que,varau,10.0
duro,homem,1.0
cineasta,pô,1.0
ele,primos,1.0
caetano,vê,2.0
na,um,3.0
amor,da,1.0
são,wars,2.0
como,gucci,3.0
do,homo,1.0
de,na,6.0
de,dias,1.0
bode,qual,1.0
leva,não,1.0
braille,discoteca,1.0
de,tem,6.0
bah,de,1.0
ano,anão,1.0
os,terra,1.0
princesa,sem,1.0
quer,sempre,1.0
de,pote,1.0
em,estilo,1.0
céu,ser,1.0
apresentador,me,1.0
foi,ganhou,1.0
cinzas,não,1.0
jogo,ver,1.0
férias,star,2.0
porque,vai,1.0
cu,vez,1.0
era,maria,1.0
in,no,1.0
eles,ásia,1.0
choque,luz,1.0
dos,star,1.0
criado,foi,1.0
ela,quem,1.0
de,duas,1.0
ex,profissional,1.0
interior,que,1.0
herói,tem,1.0
galo,um,1.0
era,que,2.0
duro,não,1.0
fazer,pó,1.0
carnaval,linda,1.0
minha,zero,1.0
ah,conto,1.0
presidente,um,2.0
cima,um,1.0
ele,marca,1.0
depois,deus,1.0
qual,um,6.0
mundo,são,1.0
famoso,naldo,1.0
altas,gosta,1.0
algo,fazer,1.0
muito,número,1.0
acém,qual,2.0
assistir,in,1.0
potter,só,1.0
bom,era,2.0
prato,qual,1.0
com,vir,1.0
filme,skywalker,1.0
cu,já,2.0
linda,oi,2.0
cimento,de,2.0
santo,tu,2.0
bateu,mesmo,1.0
seis,tem,2.0
pressão,sem,1.0
homem,igreja,1.0
dos,the,1.0
ama,existe,1.0
período,que,2.0
minnie,namorada,1.0
ex,tudo,1.0
dorme,linda,1.0
ave,codorna,1.0
decidi,são,1.0
cida,dorme,2.0
já,pé,1.0
preto,que,1.0
há,no,1.0
ex,qual,2.0
que,ti,2.0
bar,os,1.0
jackson,qual,1.0
com,entre,1.0
patos,tudo,3.0
mais,tony,1.0
com,linha,1.0
era,eu,1.0
cidade,mirim,1.0
rei,ser,1.0
acabou,não,1.0
melhor,sol,1.0
má,sobre,1.0
de,havia,3.0
meio,ti,1.0
período,por,1.0
pobre,um,2.0
as,que,4.0
ir,mais,2.0
on,te,1.0
como,te,2.0
minha,na,1.0
thor,tony,2.0
ela,estava,1.0
codorna,favorita,1.0
mil,qual,1.0
foi,quando,1.0
bola,qual,1.0
posto,quando,2.0
qual,thor,1.0
em,país,1.0
estava,ásia,1.0
pede,que,1.0
nunca,sair,1.0
caverna,esta,1.0
faz,gucci,3.0
de,elas,1.0
com,ficou,1.0
força,tenho,1.0
acontece,cai,1.0
ela,parede,1.0
ai,disse,1.0
renda,tira,1.0
doença,feliz,1.0
cantora,lobato,2.0
comprar,pontos,1.0
cultura,entre,1.0
anda,para,1.0
cantor,vê,2.0
instagram,mil,1.0
maior,mais,1.0
belo,dia,1.0
cai,um,1.0
choque,ser,1.0
beatles,qual,1.0
fica,quando,1.0
avó,que,1.0
cavalo,ir,1.0
porque,ser,1.0
foi,ondas,1.0
era,pais,1.0
de,tu,1.0
da,suas,1.0
eu,potter,1.0
problemas,tinha,1.0
ciência,mia,1.0
cabeça,cai,1.0
as,eu,1.0
até,avó,1.0
pena,você,1.0
ser,um,7.0
eu,nos,1.0
belo,sobre,1.0
de,tio,1.0
qual,se,3.0
criado,poder,1.0
ana,cantora,1.0
chá,qual,1.0
tio,ventura,1.0
mente,só,2.0
cantora,rei,1.0
aos,há,1.0
jesus,que,1.0
como,virgem,1.0
cabeça,diz,1.0
gerais,pote,1.0
com,que,7.0
dos,ter,1.0
mão,que,1.0
mata,que,5.0
da,marido,1.0
carro,ser,1.0
em,vê,1.0
hoje,um,1.0
dança,favorita,1.0
cama,só,1.0
abre,chave,1.0
boca,do,1.0
até,construção,1.0
do,piratas,2.0
ser,seria,1.0
cima,na,1.0
esta,lá,2.0
como,four,1.0
qual,vinho,2.0
atriz,duas,1.0
feliz,si,2.0
mickey,que,1.0
conto,mais,1.0
qual,tem,2.0
quando,vento,1.0
cara,eu,1.0
quem,só,1.0
de,harry,2.0
ah,história,1.0
nome,socorro,1.0
casa,ser,1.0
eva,que,2.0
ah,mas,1.0
ai,panela,1.0
branco,não,1.0
eles,se,1.0
ah,mãe,1.0
belo,céu,2.0
quer,rita,3.0
cinco,quatro,1.0
hoje,outro,1.0
da,muitos,1.0
abre,em,1.0
miss,viu,1.0
instagram,que,2.0
polegar,que,1.0
gato,qual,1.0
mão,por,1.0
mata,por,2.0
pelos,the,1.0
ela,que,2.0
passar,porque,1.0
alta,caiu,1.0
socorro,um,1.0
filme,má,1.0
favorito,pé,1.0
ambos,papa,1.0
thor,um,3.0
brasil,qual,1.0
cobra,ser,1.0
ou,ser,1.0
tarde,tipo,1.0
homem,são,1.0
eva,por,1.0
de,manicure,1.0
boi,gado,2.0
ir,um,2.0
bahia,de,1.0
dálias,plantas,2.0
apresentadora,má,1.0
cheia,de,3.0
ho,sucesso,3.0
da,político,1.0
ah,só,1.0
dois,essa,1.0
anal,cu,1.0
foi,ponto,1.0
prazo,tá,1.0
ao,vai,1.0
dá,pai,2.0
cultura,por,1.0
com,leva,1.0
de,levou,1.0
cida,que,3.0
cinzas,religioso,1.0
instagram,vezes,1.0
leva,porque,2.0
como,dar,1.0
com,ele,1.0
cultura,gente,1.0
de,posto,1.0
coisas,hoje,1.0
pó,que,9.0
ganhou,tão,2.0
linha,porque,1.0
chave,uma,1.0
acém,jim,1.0
dá,filme,1.0
nada,vida,1.0
festa,ontem,1.0
herói,pro,2.0
estava,pouco,1.0
duro,filme,1.0
ah,sabe,1.0
mulheres,sair,2.0
mão,nos,1.0
dá,porque,3.0
boi,fizeram,1.0
foram,virgem,1.0
faz,virgem,1.0
estava,se,1.0
diagnóstico,nada,1.0
os,pelo,2.0
de,ficou,1.0
letra,mercado,1.0
alguém,dorme,1.0
cantor,naldo,2.0
gordo,não,1.0
da,são,3.0
céu,sem,1.0
filme,no,1.0
na,todas,1.0
cachorro,que,1.0
só,ver,1.0
dela,porque,2.0
einstein,físico,2.0
bíblia,muito,1.0
levar,piada,1.0
colocar,silvio,1.0
cachorros,vez,1.0
posto,só,1.0
ex,último,1.0
black,um,1.0
corri,da,2.0
foi,pó,1.0
black,jogo,1.0
em,quem,1.0
este,usava,1.0
batman,diz,1.0
essa,que,1.0
faz,ho,3.0
direito,nunca,1.0
conto,um,2.0
pessoa,triste,1.0
ben,há,3.0
foi,ir,1.0
consegue,dá,1.0
brasileiro,pro,1.0
show,silvio,1.0
ho,qual,3.0
um,vermelho,1.0
que,religiosa,1.0
da,quem,1.0
bom,vaca,1.0
hoje,pote,1.0
mata,tinha,1.0
nasceu,sou,1.0
de,maria,4.0
diz,vi,1.0
bem,minnie,1.0
avó,onde,1.0
be,te,1.0
cry,por,2.0
mais,na,2.0
coisas,minnie,1.0
deitou,um,1.0
acabou,porque,1.0
black,donald,2.0
de,favorita,1.0
cabeça,ti,1.0
mickey,zé,1.0
pescoço,ver,1.0
astronauta,havia,1.0
maria,não,1.0
lá,pro,3.0
bah,jogo,1.0
faz,massa,1.0
ficar,que,1.0
que,ser,5.0
cima,linda,1.0
dente,prato,1.0
famoso,zé,1.0
meia,pés,1.0
brasileira,sem,1.0
correr,quando,1.0
ao,em,2.0
manicure,uma,1.0
comprar,para,1.0
amor,carta,1.0
in,quando,1.0
dente,pro,1.0
esta,qual,1.0
parece,são,1.0
fazem,planeta,1.0
pra,star,1.0
de,preferida,1.0
pessoas,só,1.0
ali,da,1.0
homem,mil,1.0
massa,um,2.0
com,onde,1.0
para,uma,3.0
sempre,tira,1.0
ir,vinho,1.0
ir,na,1.0
negro,só,1.0
do,faustão,1.0
einstein,massa,1.0
braille,não,1.0
piada,uma,1.0
contra,que,1.0
do,lobato,1.0
bom,de,1.0
de,gente,2.0
na,pro,1.0
que,rei,1.0
já,on,1.0
as,salvador,1.0
do,ser,2.0
largou,qual,1.0
contra,me,1.0
com,lá,2.0
curte,que,3.0
de,eu,2.0
estão,lá,1.0
do,pra,3.0
como,in,1.0
para,patos,1.0
anão,um,2.0
massa,sente,1.0
story,um,1.0
as,bom,1.0
chão,qual,2.0
atchim,de,1.0
consola,você,1.0
diarreia,sofre,2.0
como,no,2.0
bndchen,elas,1.0
um,vai,2.0
de,paciente,1.0
duro,numa,2.0
menina,no,1.0
cantora,sem,1.0
não,ásia,3.0
frente,impossível,1.0
onde,sempre,1.0
em,pão,1.0
este,pediu,1.0
dentro,por,1.0
lanche,que,1.0
porque,pé,2.0
foi,sem,1.0
era,tudo,1.0
amor,podem,1.0
filho,só,1.0
foice,porque,1.0
naldo,superherói,1.0
josé,piloto,1.0
de,ele,3.0
acém,ventura,2.0
do,filme,1.0
da,pão,1.0
dos,mal,1.0
mudo,poder,1.0
be,menina,1.0
ano,indiano,1.0
de,potter,2.0
logo,na,1.0
cantor,que,1.0
mar,uma,1.0
dá,morar,1.0
correr,fazer,1.0
eu,tudo,1.0
cidade,letra,1.0
filho,nora,3.0
de,ela,1.0
pote,um,1.0
com,triste,1.0
elfo,que,2.0
anos,festa,1.0
quando,só,2.0
chefe,não,1.0
de,passar,1.0
diagnóstico,noite,1.0
por,silvio,1.0
as,virgem,1.0
black,tem,1.0
eu,qual,1.0
por,têm,1.0
donald,mais,2.0
dias,preso,1.0
em,preto,1.0
filme,piratas,1.0
planeta,semelhança,1.0
para,saco,1.0
ela,papel,1.0
não,um,2.0
ele,uma,1.0
disse,ex,1.0
novo,pote,1.0
amor,qual,2.0
ator,tão,1.0
volta,voltou,1.0
prazo,remédio,1.0
era,rita,1.0
bola,doença,1.0
família,há,1.0
potter,receber,1.0
deitou,na,4.0
cantor,cimento,1.0
depois,eu,1.0
gado,rei,1.0
má,por,3.0
em,que,13.0
mente,pinóquio,1.0
massa,se,1.0
de,óculos,2.0
gado,intestino,3.0
depressão,qual,1.0
atriz,que,2.0
gado,novela,1.0
fizeram,uma,4.0
as,qual,2.0
dá,sem,1.0
sempre,tinha,1.0
paciente,porque,1.0
direito,torto,1.0
de,zé,1.0
da,que,5.0
que,reta,2.0
espanhol,gado,2.0
não,silvio,1.0
codorna,qual,1.0
há,porque,1.0
onde,virgem,1.0
do,linda,1.0
dia,ontem,1.0
força,parece,1.0
potter,um,1.0
criado,criança,1.0
campo,que,2.0
patas,se,2.0
chama,no,1.0
em,por,2.0
belo,que,3.0
com,virgem,1.0
nora,ser,1.0
negão,tudo,1.0
ponto,qual,1.0
atchim,personagem,1.0
braille,dizer,1.0
come,linha,1.0
perdeu,por,1.0
cimento,na,3.0
comem,papa,1.0
da,dos,3.0
carta,que,1.0
construção,mas,1.0
diz,meio,1.0
sexual,zero,1.0
policial,se,1.0
ficou,só,1.0
de,onde,1.0
avó,qual,1.0
elfo,mesmo,1.0
conto,dois,1.0
gado,uso,1.0
bar,se,1.0
casa,star,1.0
banho,deixar,1.0
por,tem,1.0
animal,no,1.0
por,pote,1.0
entrar,porque,2.0
construção,uma,1.0
difícil,disseme,1.0
mais,vir,1.0
estão,virase,1.0
vai,velho,1.0
vento,vão,1.0
regime,época,1.0
dias,gonçalves,2.0
onde,qual,1.0
fera,filme,1.0
as,ontem,1.0
bater,estou,1.0
fazer,tá,1.0
porco,profissional,1.0
bahia,jogo,1.0
po,se,2.0
pote,se,1.0
impossível,são,2.0
amor,luta,1.0
quase,que,1.0
ele,roupa,1.0
animais,contra,1.0
elfo,teve,1.0
mãe,tá,1.0
com,qual,3.0
letra,qual,2.0
decidi,dálias,1.0
com,seleção,1.0
parece,que,1.0
cidade,dá,1.0
favorita,toma,1.0
do,minnie,1.0
naldo,thor,2.0
cabeça,quando,1.0
mais,pro,2.0
em,po,2.0
não,se,3.0
mata,nenhum,1.0
como,não,1.0
dá,trabalha,1.0
com,presidente,2.0
em,mesmo,1.0
cigarro,um,1.0
ai,carne,1.0
com,mirim,1.0
com,massa,1.0
cachorros,méxico,1.0
boca,quem,1.0
de,papel,2.0
que,seis,10.0
odeia,pô,1.0
de,problemas,1.0
atriz,ela,1.0
comediante,the,1.0
ex,quis,2.0
mal,virase,1.0
bah,gaúcho,2.0
pô,que,3.0
cineasta,lanche,1.0
de,ver,3.0
cabeça,em,1.0
casa,ex,2.0
de,uber,2.0
dono,dá,1.0
morar,um,1.0
gerais,nos,1.0
usado,óculos,1.0
nada,não,2.0
gosta,mario,1.0
dias,tá,2.0
quando,terra,1.0
interior,no,2.0
banda,chão,1.0
com,rita,1.0
nenhum,sempre,1.0
com,pede,1.0
há,ir,1.0
banho,há,1.0
de,nas,2.0
nome,qual,1.0
mal,qual,4.0
gente,que,1.0
desse,jardim,1.0
que,sem,2.0
trabalhar,uma,1.0
anal,de,1.0
cida,também,1.0
potter,se,1.0
mão,ou,2.0
argentino,tem,1.0
cantor,onde,1.0
criança,tudo,1.0
ao,os,2.0
cálice,potter,3.0
indiano,nova,1.0
conta,ponto,1.0
na,zé,2.0
em,tinha,1.0
galinha,graça,1.0
anos,la,1.0
ao,de,1.0
funkeiro,naldo,1.0
com,filho,1.0
nada,piscina,1.0
ave,graça,2.0
da,tinha,1.0
de,sucesso,1.0
outros,um,1.0
criança,mirim,1.0
chá,dá,1.0
ana,que,2.0
algumas,cultura,1.0
conto,estão,1.0
correr,os,2.0
da,volta,2.0
nos,os,1.0
por,são,3.0
in,os,1.0
dias,pessoas,2.0
qual,óculos,1.0
nova,qual,1.0
em,tirar,2.0
trás,uma,1.0
fizeram,noite,1.0
passar,santo,1.0
carne,vaca,1.0
galinhas,ponto,1.0
ao,bahia,1.0
contrário,diagnóstico,1.0
avó,todos,1.0
rita,um,1.0
beto,que,1.0
música,quis,1.0
tenho,tudo,1.0
noite,uma,1.0
de,virgem,1.0
programa,tv,1.0
eram,que,1.0
filme,pai,1.0
far,tá,1.0
gosta,mata,1.0
de,profissional,1.0
por,tio,1.0
casa,do,3.0
planta,um,1.0
ah,não,1.0
dela,dentro,1.0
anal,as,2.0
que,star,5.0
muito,período,1.0
elas,que,2.0
do,num,1.0
era,via,2.0
cida,noite,1.0
meia,não,1.0
tinha,ásia,1.0
criado,porque,1.0
impossível,mil,2.0
ai,anos,1.0
como,vi,1.0
cu,rapaz,1.0
ama,mais,1.0
bom,um,1.0
comer,são,1.0
ela,sandy,1.0
infantil,network,1.0
batman,quando,1.0
dá,ter,1.0
que,vem,2.0
doença,mia,1.0
casa,mente,1.0
difícil,mente,1.0
pai,um,2.0
miss,que,1.0
passarinho,por,1.0
bebida,vinho,1.0
má,uma,1.0
algumas,ben,1.0
mirim,qual,2.0
de,sol,2.0
carne,de,1.0
gasolina,posto,1.0
bndchen,passar,1.0
de,tudo,2.0
das,menina,1.0
galinhas,pó,8.0
elas,por,1.0
de,encontrar,1.0
algo,se,1.0
em,música,1.0
atchim,jogo,1.0
de,dum,1.0
muito,reta,2.0
do,star,2.0
de,qual,15.0
assim,correr,2.0
dela,do,1.0
jackson,mas,1.0
ficar,qual,1.0
cheia,galinha,1.0
acabou,largou,1.0
atriz,sempre,1.0
da,música,1.0
braille,numa,1.0
de,presidente,4.0
se,wii,1.0
aquático,bah,2.0
economia,vez,1.0
de,mirim,3.0
dá,saúde,2.0
ca,comer,1.0
ponto,quem,1.0
de,massa,2.0
andam,uber,1.0
como,gado,3.0
em,uma,2.0
mais,programa,1.0
da,mãe,2.0
entrar,os,1.0
mulher,renda,1.0
férias,que,1.0
passar,um,1.0
nora,queria,1.0
herói,qual,1.0
como,em,1.0
das,deixar,1.0
in,jackson,1.0
cidade,te,1.0
algumas,que,1.0
do,rádio,1.0
nos,vem,1.0
boca,que,1.0
as,via,1.0
in,vem,1.0
em,te,1.0
os,sem,3.0
corri,qual,1.0
carro,on,1.0
cachorro,nome,1.0
porque,torto,1.0
altas,que,1.0
como,nascimento,1.0
tá,um,1.0
anal,como,1.0
deixa,saco,1.0
dia,para,2.0
bíblia,porque,1.0
qual,ver,2.0
primos,tem,1.0
pena,que,2.0
qual,uber,2.0
em,patos,3.0
fazer,tio,1.0
ele,varau,5.0
qual,quer,3.0
ben,pra,3.0
ela,no,2.0
acém,foi,1.0
em,rapper,2.0
da,passos,1.0
cor,medo,1.0
mal,reclama,1.0
amigo,ela,1.0
números,primos,1.0
como,méxico,1.0
assistir,vem,1.0
economia,para,1.0
boca,por,1.0
pontos,seu,1.0
por,posto,1.0
do,ex,1.0
porque,silvio,1.0
pai,sozinho,1.0
de,ontem,1.0
ele,pinóquio,1.0
rita,se,1.0
fez,vir,1.0
dias,são,1.0
dela,seu,1.0
cor,qual,1.0
ganhou,um,1.0
futebol,pro,1.0
leva,um,1.0
pena,por,1.0
não,vir,1.0
ex,foi,1.0
chineses,como,1.0
consola,são,1.0
skywalker,star,1.0
de,nome,2.0
cálice,preferido,3.0
banda,com,1.0
livro,pote,1.0
mulher,para,1.0
on,porque,1.0
as,para,2.0
qual,sucesso,1.0
até,dias,1.0
foi,tá,1.0
minnie,por,2.0
papa,um,1.0
com,renda,1.0
porque,rir,1.0
de,pontos,1.0
não,pro,1.0
qual,serpente,1.0
bah,preferida,1.0
pai,se,1.0
comida,ondas,1.0
impossível,tentou,1.0
durante,período,1.0
da,skywalker,2.0
dálias,quais,1.0
em,four,1.0
do,você,1.0
deveria,moro,1.0
bate,que,1.0
em,regime,1.0
da,perdeu,1.0
comer,mil,1.0
na,virase,1.0
pra,roupas,1.0
bom,na,4.0
coisas,dia,2.0
cida,procura,1.0
contra,nome,1.0
que,sal,1.0
mal,perfume,1.0
cu,homem,1.0
nada,tão,1.0
que,tarde,1.0
fera,gosta,1.0
faustão,pé,1.0
porque,se,3.0
os,rádio,2.0
marido,mulher,1.0
das,muito,1.0
por,que,6.0
na,qual,6.0
anal,relógio,1.0
saúde,ter,1.0
mia,que,6.0
comediante,ler,1.0
artista,jackson,1.0
banco,bate,1.0
festa,uma,1.0
chegou,são,1.0
de,loja,1.0
ator,belo,1.0
dos,fulano,1.0
canal,perde,1.0
sabe,sobre,1.0
um,vem,1.0
foi,pessoas,1.0
martelo,uma,1.0
dos,wii,4.0
pra,são,1.0
pontos,têm,1.0
cão,de,2.0
chama,nascimento,1.0
network,trabalhadores,1.0
cabeça,de,1.0
conseguiu,direito,1.0
gente,gostam,1.0
porque,tem,2.0
quer,sabe,1.0
jim,ventura,1.0
porque,pote,1.0
bem,mal,1.0
primos,são,1.0
cida,com,1.0
ao,pau,1.0
em,vida,1.0
já,preferida,1.0
do,eva,1.0
qual,sol,1.0
amor,por,1.0
parente,toda,1.0
ator,tony,1.0
galo,qual,1.0
animal,em,1.0
mais,neve,1.0
mil,às,1.0
cantora,duas,1.0
presidente,qual,2.0
do,mente,1.0
dias,estava,1.0
passarinho,quê,1.0
gostam,sobre,1.0
que,viu,1.0
ex,michael,1.0
em,michael,1.0
dum,num,1.0
marido,pro,1.0
criado,sem,1.0
cachorros,restaurante,1.0
leva,se,1.0
mata,não,4.0
ah,filme,1.0
foice,seu,1.0
consola,entre,1.0
cálice,qual,3.0
dificuldade,perde,1.0
foram,mata,1.0
te,uber,1.0
chão,em,1.0
bem,jogadora,1.0
ah,pessoa,1.0
boneco,oi,1.0
era,quis,1.0
acém,as,1.0
falou,férias,1.0
ontem,para,1.0
mal,para,1.0
manicure,pouco,1.0
do,seu,4.0
no,pra,1.0
leva,na,1.0
anal,um,1.0
polegar,vermelho,2.0
ondas,são,1.0
ponto,por,2.0
dum,duro,1.0
ponto,time,1.0
fazer,que,2.0
físico,muito,1.0
embora,martelo,1.0
cabeça,galo,1.0
atriz,nome,1.0
difícil,vê,1.0
se,virgem,1.0
pô,verdura,1.0
como,eles,1.0
como,cães,1.0
paraíso,políticos,1.0
preto,quando,1.0
animais,do,2.0
mar,pizza,2.0
marvel,pão,1.0
la,que,2.0
moro,que,1.0
ponto,story,1.0
as,dá,1.0
acém,favorito,1.0
me,tem,2.0
não,paciente,1.0
boca,chefe,1.0
da,má,1.0
bom,todas,1.0
de,renda,6.0
correr,um,2.0
de,graça,9.0
neve,qual,1.0
da,fala,1.0
período,tempo,1.0
in,um,1.0
qual,vê,2.0
como,seis,2.0
estava,virase,1.0
dias,que,2.0
com,vento,3.0
grupo,negro,1.0
cantor,no,2.0
aconteceu,foi,1.0
bater,dizer,1.0
com,cu,1.0
paciente,receber,1.0
de,vez,1.0
como,mão,1.0
corpo,sem,1.0
quando,se,1.0
chegou,mil,1.0
jogos,pro,1.0
faz,passos,1.0
há,marcelo,1.0
dos,la,1.0
cara,dá,1.0
durante,impossível,1.0
não,potter,1.0
que,tá,4.0
cai,interior,1.0
de,feliz,1.0
presidente,videogame,2.0
dorme,que,1.0
duro,encontra,1.0
não,passar,1.0
cabelo,foi,1.0
as,em,2.0
crescer,me,1.0
interior,porque,2.0
deixar,eu,1.0
adão,do,1.0
se,vida,1.0
que,rir,1.0
cama,da,1.0
porque,tio,1.0
dias,por,2.0
naldo,tentou,1.0
dias,dos,1.0
cara,mudo,1.0
prazo,qual,1.0
como,de,4.0
foi,tio,3.0
carro,são,1.0
festa,meu,1.0
dois,virase,1.0
marvel,que,1.0
dos,passos,1.0
criado,ex,1.0
dos,dálias,1.0
quem,trabalho,1.0
tony,um,3.0
carreira,que,2.0
ave,uma,2.0
mim,notas,1.0
cry,não,1.0
homo,que,3.0
ao,rir,1.0
duro,prédio,1.0
naldo,programa,1.0
com,dá,2.0
mais,qual,2.0
havia,que,1.0
casa,são,1.0
de,para,4.0
musical,star,1.0
nascimento,que,1.0
pessoas,porque,1.0
período,porque,1.0
guerra,pai,1.0
acabou,futebol,1.0
da,no,2.0
fruta,já,1.0
avião,de,1.0
mais,massa,1.0
beto,qual,1.0
mim,um,1.0
chefe,trabalhadores,1.0
ator,thor,1.0
gato,mia,1.0
campo,no,1.0
era,mas,1.0
chinês,po,2.0
carreira,por,1.0
bar,onde,1.0
carteira,notas,1.0
herói,para,1.0
cabeça,mais,1.0
far,que,1.0
meio,se,1.0
mickey,quando,1.0
chama,eles,1.0
da,varau,5.0
bah,preferido,1.0
magro,para,1.0
havia,por,1.0
pra,que,3.0
de,letra,1.0
ovo,vão,1.0
céu,que,2.0
meia,princesa,1.0
filho,pai,1.0
em,pelos,1.0
que,tem,3.0
primos,que,2.0
et,parente,2.0
com,em,2.0
piada,porque,1.0
do,sobre,1.0
anão,saúde,1.0
há,ler,2.0
ho,natal,3.0
meio,na,1.0
agora,zero,1.0
lugar,santo,1.0
de,oi,1.0
brasil,má,1.0
ao,tem,1.0
jesus,nascimento,2.0
eu,uma,1.0
four,quatro,1.0
com,faz,1.0
nos,se,1.0
in,se,2.0
portas,que,1.0
há,tá,3.0
por,sempre,1.0
meio,nós,1.0
choque,entre,1.0
cida,foram,2.0
bem,estava,2.0
questão,tu,1.0
esta,fazendo,1.0
pau,pra,1.0
atchim,da,1.0
cry,vai,1.0
cida,maior,1.0
on,vem,1.0
beatles,nunca,1.0
do,mal,3.0
por,uber,5.0
ana,nome,1.0
disse,que,1.0
amor,uma,2.0
herói,super,2.0
ca,qual,1.0
correr,na,2.0
consola,wii,4.0
foi,linha,1.0
porque,posto,1.0
este,pra,1.0
entrar,têm,1.0
aqui,lá,1.0
em,via,1.0
nem,salvador,2.0
criança,mudo,1.0
dieta,regime,1.0
dificuldade,vir,1.0
meia,os,1.0
canal,da,3.0
fofoca,mais,1.0
por,salvador,1.0
muito,pena,1.0
conto,virase,1.0
depressão,uma,1.0
cida,quando,1.0
falou,me,1.0
economia,só,1.0
chama,de,3.0
ondas,que,3.0
parente,qual,1.0
quê,tem,1.0
fez,papel,1.0
não,saúde,1.0
black,qual,2.0
pouco,se,2.0
mata,porque,2.0
depois,vermelho,1.0
carro,posto,2.0
são,todo,2.0
dele,meu,2.0
papa,vir,1.0
banda,beatles,1.0
mudo,sem,1.0
precisa,só,2.0
mulher,só,2.0
não,uber,1.0
ondas,por,2.0
as,só,2.0
não,quer,1.0
eva,porque,1.0
ter,trabalhadores,1.0
gado,tem,2.0
transporte,uber,1.0
cida,ser,1.0
deus,que,2.0
dele,terra,1.0
deixar,lá,1.0
cara,uma,1.0
há,rio,1.0
má,não,2.0
de,depois,1.0
com,forma,1.0
japonês,vi,1.0
fazer,papel,1.0
céu,pais,1.0
mulher,nora,3.0
deitou,qual,1.0
bah,qual,4.0
humorista,marvel,1.0
aqui,salvador,1.0
cão,um,1.0
os,sobre,1.0
chama,mia,1.0
filha,mãe,1.0
quem,the,1.0
choque,que,1.0
que,são,5.0
como,sai,1.0
com,mas,1.0
entrar,pessoas,1.0
maria,rir,1.0
chão,de,1.0
depressão,sabe,1.0
bem,que,1.0
de,dá,6.0
foi,que,3.0
dono,homem,1.0
mulher,sabe,1.0
braille,ler,1.0
ah,star,1.0
loulé,que,3.0
matar,pessoas,1.0
parece,via,1.0
galo,para,1.0
alimento,nora,1.0
meu,outro,1.0
cinco,estava,1.0
casal,deixar,1.0
deixar,sempre,1.0
em,não,3.0
está,vinho,1.0
rir,vão,1.0
mar,sabor,1.0
letra,uma,1.0
mortal,negro,1.0
nada,nunca,1.0
cida,filme,1.0
deus,gente,1.0
cida,fazer,2.0
cu,pó,1.0
era,os,1.0
eu,parece,1.0
que,tio,3.0
dá,ficou,1.0
de,quis,1.0
dente,que,1.0
no,num,1.0
chega,depois,1.0
estado,sul,1.0
mas,paciente,1.0
nem,qual,1.0
do,são,3.0
irmã,vir,1.0
em,feito,1.0
por,tudo,1.0
bem,por,1.0
dos,má,1.0
patas,qual,1.0
atchim,star,1.0
com,foice,1.0
filme,um,1.0
lá,por,1.0
como,tony,1.0
falava,físico,1.0
skywalker,wars,1.0
os,vão,1.0
apareceu,só,1.0
já,qual,2.0
choque,água,1.0
do,tu,2.0
casa,que,1.0
difícil,que,1.0
inventou,obrigado,1.0
há,roupas,1.0
cidade,esta,1.0
dente,dos,1.0
cu,jardim,1.0
vou,xmen,1.0
fofoca,um,1.0
meu,tá,1.0
se,via,2.0
dia,meu,1.0
no,paciente,1.0
linha,que,3.0
do,quem,1.0
cachorro,mata,1.0
dias,nada,1.0
cinzas,que,1.0
carta,feira,2.0
minnie,má,2.0
com,mortal,2.0
dias,passos,2.0
cobra,que,1.0
de,vou,2.0
belo,existe,1.0
ai,que,1.0
até,cachorros,1.0
bah,luta,1.0
ou,que,1.0
dá,que,12.0
cry,porque,1.0
correr,dormir,2.0
casa,dos,1.0
show,voltou,1.0
nas,neve,1.0
história,sem,1.0
em,vai,2.0
chama,como,2.0
pontos,que,1.0
dente,velho,1.0
como,indiano,1.0
dá,me,1.0
choque,mesmo,1.0
marcelo,nunca,1.0
contra,em,1.0
escreve,vê,1.0
são,usar,1.0
para,sem,1.0
dela,que,1.0
bebida,quer,1.0
linha,por,1.0
entrou,na,1.0
as,de,5.0
depois,era,1.0
no,the,1.0
bem,mesmo,1.0
material,que,1.0
não,qual,2.0
nas,nasceu,1.0
curte,em,1.0
do,qualquer,1.0
piada,pode,1.0
bate,cai,1.0
ai,por,1.0
férias,no,1.0
entre,pô,1.0
casa,festa,1.0
dos,in,1.0
dá,por,5.0
cinco,que,1.0
das,filme,1.0
frango,mas,1.0
qual,tira,1.0
criança,só,1.0
filme,tá,1.0
de,mata,1.0
mão,vaca,2.0
far,sempre,1.0
era,jackson,2.0
mundo,só,1.0
ho,mais,3.0
perde,uma,2.0
ai,eu,1.0
mia,nome,1.0
muito,vê,1.0
cão,na,1.0
se,sexual,1.0
má,quando,1.0
primos,sempre,1.0
com,natal,1.0
cão,tem,1.0
cabeça,na,1.0
feliz,qual,1.0
com,polegar,2.0
acabou,que,1.0
socorro,vez,1.0
avó,de,1.0
os,são,1.0
na,po,1.0
mais,manhã,1.0
em,vi,1.0
estilo,uber,1.0
cinco,por,1.0
superherói,tony,1.0
onde,sul,1.0
naldo,qual,3.0
acém,ator,1.0
deixar,tudo,4.0
gente,não,1.0
dos,pô,1.0
como,um,3.0
do,gaúchos,1.0
ao,da,1.0
hoje,para,1.0
em,era,1.0
jesus,os,1.0
em,todo,1.0
pé,um,1.0
gosta,na,1.0
com,os,3.0
tudo,vê,1.0
homem,nascimento,1.0
outro,um,2.0
foi,zé,1.0
na,quis,1.0
foi,martelo,1.0
martelo,outra,1.0
em,quando,4.0
de,mas,1.0
acabou,por,1.0
abre,passar,1.0
não,passarinho,1.0
como,outro,1.0
com,de,8.0
livro,problemas,1.0
que,socorro,1.0
ir,manhã,1.0
esposa,star,1.0
conto,dorme,1.0
nada,um,1.0
correr,da,2.0
dá,ela,1.0
de,uma,15.0
filme,na,2.0
pé,seria,1.0
cabeça,caixa,1.0
em,gado,3.0
não,paraíso,1.0
muita,tem,2.0
et,qual,1.0
avó,há,4.0
forma,mirim,1.0
paraíso,vão,2.0
bahia,qual,1.0
chão,mais,1.0
atriz,em,1.0
qual,quis,1.0
só,varau,10.0
be,como,1.0
difícil,tinha,1.0
ir,para,1.0
em,ser,1.0
avião,torto,1.0
aconteceu,vermelho,1.0
de,foice,1.0
quer,se,1.0
dois,frango,1.0
qual,wii,4.0
dos,network,1.0
de,só,3.0
estão,terra,1.0
do,preto,1.0
ai,encontrei,1.0
do,instagram,1.0
quando,star,1.0
alguém,pai,1.0
igreja,os,1.0
pais,the,1.0
cabelo,pelo,1.0
corri,uma,1.0
acém,filme,1.0
anal,ano,1.0
cu,gosta,1.0
físico,porque,2.0
falou,mickey,1.0
entrar,estão,2.0
cultura,de,1.0
eles,mesmo,1.0
diz,socorro,1.0
para,sair,1.0
foice,que,4.0
dos,família,1.0
natal,roo,3.0
como,zero,1.0
dos,nudes,1.0
donald,qual,2.0
de,nora,1.0
má,porque,3.0
se,vai,1.0
quer,vinho,4.0
nunca,renda,1.0
estão,mia,1.0
homo,qual,1.0
graça,isso,1.0
mim,pro,1.0
mundo,sul,1.0
do,toma,2.0
cada,sofre,1.0
hospital,paciente,2.0
do,que,12.0
nas,qual,2.0
crime,um,2.0
harry,hoje,1.0
de,foi,5.0
em,filme,2.0
indiano,se,1.0
porque,problemas,1.0
qual,vou,1.0
para,pescoço,1.0
mia,procura,1.0
porque,sempre,1.0
as,coisas,3.0
as,livro,1.0
planeta,qualquer,1.0
seria,silvio,1.0
com,galo,1.0
foi,papel,1.0
dorme,noite,1.0
do,me,1.0
nada,zero,1.0
chamam,four,1.0
cida,de,4.0
fizeram,num,1.0
foice,por,1.0
dálias,só,1.0
lá,música,1.0
porque,uber,1.0
seis,só,6.0
muito,quem,1.0
roo,tu,3.0
porque,quer,1.0
dá,tirar,1.0
carreira,chão,1.0
chama,um,2.0
indiano,na,1.0
como,se,3.0
perdeu,porque,1.0
be,do,1.0
anos,ir,1.0
da,médico,1.0
calor,com,1.0
conto,já,1.0
do,dos,3.0
pé,se,1.0
avó,ouvir,1.0
banda,the,1.0
outro,se,1.0
miss,ninguém,1.0
no,seu,1.0
cama,qual,1.0
cu,toda,1.0
falou,saco,1.0
se,vi,1.0
de,vaca,3.0
porque,salvador,1.0
canal,preferido,1.0
bom,físico,1.0
sabe,uma,2.0
amor,com,3.0
atchim,dupla,1.0
obrigado,zero,1.0
campo,porque,2.0
coisas,nada,1.0
cachorro,de,1.0
neve,quis,1.0
depois,foice,1.0
como,curte,2.0
sabe,te,1.0
cidade,ponto,1.0
chama,patas,2.0
ganhou,papel,1.0
belo,tão,2.0
correr,eu,2.0
há,que,4.0
cheia,vê,1.0
ficou,star,1.0
desse,tira,1.0
gado,que,2.0
outro,tem,2.0
magro,regime,1.0
por,renda,1.0
comprar,pó,1.0
herói,sua,1.0
pessoas,preso,1.0
de,parece,1.0
anda,passar,1.0
homo,nome,1.0
com,homo,1.0
ele,ex,1.0
portas,vida,1.0
ave,não,1.0
nem,vez,1.0
graça,que,4.0
não,primos,1.0
presente,que,1.0
dias,todos,1.0
cara,pô,2.0
na,uma,6.0
de,deixar,1.0
sem,uma,2.0
minnie,não,1.0
na,tomar,1.0
trabalho,via,1.0
pode,um,2.0
animal,patas,1.0
ou,sempre,1.0
caverna,lá,1.0
dá,sempre,1.0
há,por,1.0
gordo,que,1.0
ano,férias,1.0
para,santo,1.0
la,no,1.0
essa,fera,2.0
avó,mais,1.0
ah,tá,2.0
rio,tá,1.0
da,dela,1.0
calça,foi,2.0
dá,jornalista,1.0
cachorro,mia,1.0
ama,obras,1.0
graça,por,1.0
brasileiro,regime,1.0
aceita,uber,1.0
banho,do,1.0
cara,com,1.0
sem,só,1.0
homo,mulheres,1.0
parede,que,1.0
esposa,saúde,1.0
empresa,pé,1.0
qual,uma,2.0
depois,eles,1.0
ou,te,2.0
dias,no,1.0
eva,nunca,1.0
cu,do,2.0
dá,nada,2.0
que,zé,1.0
pai,qual,2.0
minha,saco,1.0
está,impossível,1.0
me,quer,1.0
dálias,pés,2.0
boca,vai,1.0
mente,vê,2.0
contra,os,2.0
dela,miss,1.0
não,pelas,1.0
fera,que,1.0
em,ir,1.0
material,miss,1.0
dia,não,1.0
de,terra,1.0
pra,sandy,1.0
nora,que,3.0
as,ásia,1.0
bah,banda,1.0
galo,só,1.0
em,numa,1.0
os,por,3.0
cultura,iogurte,2.0
cinco,uma,1.0
black,dos,1.0
anos,de,2.0
foice,martelo,1.0
religiosa,tá,1.0
ben,roupas,1.0
qual,só,4.0
chama,se,8.0
dá,pedreiro,1.0
sol,usado,1.0
parede,por,1.0
meu,posto,1.0
da,ir,1.0
que,tirar,6.0
tá,técnico,1.0
quando,saúde,1.0
conta,que,1.0
família,tá,1.0
cabeleireiro,em,1.0
alta,porque,1.0
atleta,quis,1.0
depois,polegar,1.0
cara,nudes,1.0
período,um,3.0
economia,não,1.0
banda,do,2.0
gente,porque,2.0
de,há,6.0
bater,preferido,1.0
canal,qual,1.0
fazer,via,2.0
posto,qual,1.0
casa,saco,1.0
parte,ser,1.0
do,volta,1.0
abre,branco,1.0
carreira,no,1.0
dorme,procura,1.0
de,má,1.0
coisa,planeta,1.0
linha,perdeu,2.0
oi,que,1.0
boa,mão,1.0
má,mão,1.0
qual,sabe,2.0
doente,dá,1.0
ficar,galo,1.0
braille,que,3.0
cheia,primos,1.0
ah,alguém,1.0
mudo,pessoas,1.0
fica,qual,1.0
vir,única,1.0
no,país,2.0
papa,podem,1.0
em,jornal,1.0
físico,usa,1.0
era,zero,1.0
do,onde,1.0
muito,que,2.0
crianças,la,1.0
de,flor,1.0
pede,um,1.0
grande,todos,1.0
em,seis,2.0
problemas,se,1.0
belo,princesa,1.0
leva,tudo,1.0
cantora,ou,1.0
filme,mil,1.0
sempre,the,1.0
chinês,ti,1.0
nudes,qual,1.0
choque,ou,3.0
uma,via,1.0
jardim,só,1.0
com,ásia,1.0
qual,regime,2.0
bebe,vermelho,1.0
de,favorito,1.0
dois,mata,1.0
por,tenho,1.0
que,sempre,1.0
figura,tá,1.0
contra,galo,1.0
manhã,rei,1.0
dar,para,1.0
do,quê,1.0
meu,que,3.0
be,deus,1.0
passarinho,porque,1.0
chamam,in,1.0
no,passarinho,1.0
alguém,de,1.0
ca,faz,1.0
cobra,qual,1.0
dias,família,1.0
calor,vento,1.0
do,gato,2.0
patas,por,1.0
antes,depois,1.0
cheia,graça,2.0
que,triste,1.0
papa,qual,1.0
melhor,mão,1.0
preto,zero,1.0
mas,trás,1.0
ficou,mente,1.0
de,homo,1.0
rádio,só,1.0
minnie,quando,1.0
música,pro,1.0
harry,novo,1.0
com,pelo,1.0
meio,uber,1.0
ex,porco,2.0
deixar,para,2.0
jackson,porco,1.0
fica,ou,1.0
po,que,2.0
sal,se,1.0
forma,magro,1.0
choque,menos,1.0
que,salvador,1.0
difícil,meu,1.0
me,qual,2.0
atchim,wars,1.0
há,onde,1.0
da,de,5.0
calça,cantor,1.0
renda,tá,1.0
pizza,quer,2.0
japonês,sai,1.0
mão,um,2.0
qual,sul,2.0
mata,um,1.0
criado,que,1.0
ilha,sempre,1.0
está,zé,1.0
massa,po,1.0
paraíso,que,2.0
era,na,2.0
com,jogo,1.0
coisas,má,1.0
ama,unidos,1.0
mulheres,oi,1.0
amor,semelhança,1.0
essa,mais,1.0
ao,portas,1.0
dos,pai,1.0
saúde,uma,1.0
em,num,1.0
período,se,1.0
foi,trás,1.0
que,sucesso,1.0
belo,de,1.0
começou,este,1.0
casal,mario,1.0
aos,por,1.0
dia,pobre,2.0
do,tomar,1.0
mata,outro,1.0
dois,uma,1.0
falou,varau,5.0
pintor,salvador,1.0
cão,festa,2.0
filho,tá,1.0
da,fera,1.0
mais,passos,1.0
dos,filme,1.0
jogo,mão,1.0
ah,são,2.0
um,zé,1.0
anão,dá,1.0
criado,por,1.0
era,meus,1.0
dias,não,1.0
estava,foi,1.0
dos,porque,2.0
belo,fera,1.0
mc,vinho,2.0
cultura,um,1.0
star,wars,2.0
que,virgem,2.0
the,unidos,1.0
bate,em,1.0
adele,não,1.0
por,quis,1.0
em,musical,1.0
feliz,fica,1.0
favorito,ventura,1.0
está,lá,1.0
entrar,lá,1.0
cinzas,nem,2.0
dia,ser,2.0
em,jackson,2.0
das,do,1.0
deixar,tenho,1.0
as,vinho,1.0
em,vem,3.0
chaves,dá,1.0
melhor,star,2.0
rir,sempre,1.0
bíblia,que,1.0
minnie,porque,1.0
ah,dormir,1.0
banda,tá,2.0
me,nome,1.0
chefe,programa,1.0
anda,virase,1.0
bem,no,1.0
passos,são,1.0
brasileira,com,1.0
feito,vem,1.0
se,seis,2.0
família,são,1.0
depressão,panela,4.0
calça,no,1.0
há,salvador,1.0
no,são,1.0
que,tudo,1.0
depois,nunca,1.0
impossível,mas,1.0
come,os,1.0
corpo,toma,1.0
dia,rei,1.0
cabeça,toda,1.0
dente,no,1.0
bíblia,por,1.0
lobato,pede,1.0
mais,regime,1.0
gente,os,1.0
beatles,star,1.0
diz,four,1.0
elfo,nunca,1.0
mesmo,uma,1.0
cama,para,1.0
belo,doce,1.0
está,quer,1.0
dá,todos,1.0
ela,este,1.0
saúde,sua,1.0
caixa,cinco,1.0
bom,delegacia,1.0
jesus,se,1.0
braille,consegue,1.0
ao,qual,1.0
de,ásia,1.0
dá,esposa,1.0
dor,tio,1.0
adele,minha,1.0
mão,se,1.0
no,quem,1.0
cultura,sozinho,1.0
dança,se,1.0
antes,bate,1.0
ele,pagode,1.0
brasileiro,com,1.0
de,homem,4.0
ben,que,4.0
ao,massa,1.0
cachorros,do,1.0
correr,sol,2.0
da,ouvir,1.0
nunca,uma,1.0
po,tinha,1.0
ela,pouco,1.0
quando,vê,1.0
beatles,the,2.0
economia,porque,2.0
mata,na,1.0
só,uso,1.0
mais,rede,1.0
aconteceu,polegar,1.0
mão,tem,2.0
passado,virase,1.0
in,qual,1.0
de,pelo,2.0
amor,pessoa,1.0
ca,foi,2.0
enquanto,os,1.0
de,dente,1.0
dá,guia,1.0
cachorro,patas,1.0
mickey,na,1.0
cara,ser,1.0
largou,mulher,1.0
herói,homem,1.0
ela,se,1.0
cantor,tony,1.0
porque,renda,1.0
branco,vida,1.0
desse,roupa,1.0
ele,tem,1.0
em,sai,1.0
pinóquio,só,1.0
donald,dos,1.0
ben,por,1.0
filha,gado,1.0
cultura,se,2.0
floresta,uma,1.0
pelo,que,1.0
largou,levar,1.0
depressão,porque,2.0
são,usam,1.0
acém,do,1.0
ir,às,1.0
mente,que,3.0
letra,vale,1.0
que,show,2.0
dia,hoje,1.0
ela,na,1.0
como,eu,1.0
dantes,zero,1.0
ela,tem,1.0
network,peixes,1.0
massa,uma,1.0
bom,para,1.0
fruta,não,1.0
belo,roubar,1.0
cantor,pau,2.0
herói,não,1.0
cultura,tem,1.0
avó,dois,1.0
far,vai,1.0
mas,para,1.0
estava,há,1.0
deixar,em,4.0
network,qual,1.0
de,sente,1.0
as,contra,1.0
com,pra,2.0
cidade,do,1.0
gado,qual,4.0
naldo,nascimento,1.0
pra,vai,1.0
ponto,porque,2.0
foice,nome,1.0
mente,por,2.0
pro,super,1.0
consola,quando,1.0
potter,tinha,1.0
gostava,sem,1.0
para,tu,1.0
que,sandy,1.0
atriz,tony,1.0
nenhum,torto,1.0
médico,tá,1.0
campo,mais,1.0
pra,vento,1.0
cara,porque,1.0
brasil,rádio,1.0
do,show,2.0
espera,rei,1.0
belo,mais,1.0
dorme,quando,1.0
em,sal,1.0
tipo,vaca,1.0
há,interior,1.0
construção,sobre,1.0
do,nome,1.0
em,santo,3.0
pro,que,2.0
mim,qual,1.0
as,hoje,2.0
com,havia,1.0
heróis,pro,1.0
ganhou,vez,1.0
cor,não,1.0
dois,mia,1.0
bicho,four,1.0
olho,qual,1.0
da,tarde,1.0
dois,há,1.0
assistir,ou,1.0
carreira,quando,1.0
mais,má,1.0
disse,vai,1.0
impossível,às,1.0
com,sapato,2.0
ah,que,4.0
por,só,2.0
brasileira,esta,1.0
dorme,em,2.0
de,vaise,1.0
tão,um,1.0
andam,nudes,1.0
crianças,in,1.0
ca,chão,1.0
está,mirim,1.0
cinco,com,1.0
são,tem,3.0
jogador,naldo,1.0
entrar,massa,1.0
bem,não,2.0
que,sofre,2.0
po,uma,1.0
graça,meu,1.0
coisas,não,1.0
está,interior,1.0
ex,seu,2.0
lá,não,1.0
galinha,sem,1.0
do,muito,1.0
céu,era,3.0
nora,qual,2.0
mudo,que,2.0
não,uma,2.0
altas,de,1.0
as,estão,1.0
mirim,se,1.0
dias,filme,1.0
de,pouco,1.0
ana,cobra,1.0
dinheiro,para,1.0
do,todos,1.0
foice,virou,1.0
ele,são,1.0
má,um,1.0
pra,quando,1.0
nudes,para,1.0
céu,quando,1.0
dá,filhos,1.0
gado,nome,1.0
churrascaria,ex,1.0
criado,nada,1.0
grande,maior,1.0
de,melhor,1.0
padre,por,1.0
dá,está,1.0
dias,porque,1.0
ela,elas,1.0
de,precisa,1.0
bom,por,1.0
com,todas,1.0
diretor,me,1.0
ah,cama,2.0
uma,única,1.0
bode,esporte,1.0
aqui,foice,1.0
japonês,na,1.0
anda,são,1.0
dono,seu,1.0
da,pena,1.0
conta,presidente,2.0
chave,que,1.0
agora,trás,1.0
cobra,para,1.0
no,que,7.0
qual,rap,1.0
vende,ásia,1.0
dar,uma,2.0
letra,tipo,1.0
mão,tipo,1.0
as,minnie,1.0
na,não,1.0
mudo,por,1.0
má,seria,2.0
ca,cantor,1.0
com,período,1.0
boneco,linda,1.0
eu,primeiro,1.0
pão,uma,1.0
jogos,wii,4.0
de,vinho,1.0
faz,fofoca,1.0
pede,prato,2.0
dorme,porque,1.0
em,um,7.0
música,neve,1.0
por,vaca,1.0
acha,cida,1.0
do,no,3.0
qual,quase,1.0
no,tira,2.0
potter,uma,1.0
da,um,2.0
superherói,the,1.0
só,usa,1.0
ah,ele,1.0
fazer,só,1.0
depois,zero,1.0
nora,ou,1.0
canal,dos,1.0
carreira,porque,1.0
com,mulher,1.0
cantor,thor,1.0
brasil,do,2.0
há,todos,1.0
as,elfo,1.0
campo,um,1.0
amor,mão,1.0
havia,porque,1.0
mata,passado,1.0
ah,ela,1.0
belo,um,2.0
bate,de,2.0
com,estão,1.0
rap,te,1.0
de,galinha,1.0
quais,são,1.0
fizeram,quem,1.0
evitar,são,1.0
do,pô,1.0
deixar,só,1.0
be,que,2.0
dá,oi,1.0
brasil,santo,1.0
be,inglês,1.0
perde,porque,1.0
no,velho,1.0
em,têm,1.0
cão,qual,3.0
figura,que,1.0
frango,porque,1.0
curte,na,1.0
carro,vai,1.0
que,renda,2.0
de,pra,4.0
não,regime,1.0
ai,banda,1.0
que,via,5.0
pessoas,que,1.0
de,muita,1.0
com,prato,1.0
para,socorro,1.0
avó,da,2.0
saco,um,2.0
cheia,uma,2.0
com,pro,1.0
anal,vez,1.0
ela,estão,1.0
linda,que,1.0
céu,tão,2.0
pássaro,sabe,1.0
ou,tenho,1.0
outro,sempre,1.0
chefe,qual,1.0
harry,pote,2.0
depressão,usa,1.0
as,sem,1.0
mickey,pro,1.0
de,dois,1.0
de,rei,1.0
ca,no,2.0
da,tá,2.0
era,star,1.0
pessoas,por,3.0
era,paciente,1.0
ele,linha,1.0
comer,lanche,1.0
cai,homem,1.0
são,tio,1.0
se,ásia,1.0
com,da,3.0
homem,na,1.0
entre,largou,1.0
cantor,vinho,1.0
se,viu,2.0
como,preferido,1.0
piada,que,1.0
com,trabalho,1.0
carreira,direito,1.0
material,tenho,1.0
porque,quis,1.0
ana,pau,1.0
com,elfo,1.0
bem,quando,1.0
físico,tem,1.0
foi,mudo,1.0
deus,em,1.0
duro,vai,1.0
bater,que,2.0
bebe,os,1.0
nota,óculos,1.0
ama,dos,1.0
comer,de,1.0
do,ti,1.0
muita,qual,1.0
cultura,durante,1.0
casa,foram,1.0
anal,para,1.0
braille,diz,1.0
choque,em,1.0
choque,tempo,1.0
ler,mais,1.0
mundo,vir,1.0
fofoca,qual,1.0
era,potter,1.0
herói,porque,1.0
acabou,argentino,1.0
acém,vacas,1.0
cama,mãe,1.0
em,pessoas,1.0
piada,por,1.0
ondas,porque,2.0
duas,mais,1.0
cão,nome,2.0
do,filhos,1.0
cu,que,3.0
pau,preto,1.0
correr,manhã,2.0
quando,que,2.0
ex,mal,1.0
méxico,são,1.0
de,uso,1.0
lá,ondas,1.0
ficou,parede,1.0
se,um,3.0
que,vermelho,2.0
da,pessoas,1.0
uber,um,1.0
da,perde,1.0
uma,vaca,1.0
crime,mente,1.0
casa,quando,1.0
em,pote,2.0
calça,ser,1.0
campo,se,1.0
ca,com,1.0
quem,uma,1.0
estava,não,3.0
aconteceu,viu,1.0
as,novo,1.0
da,na,1.0
da,dias,1.0
de,hoje,1.0
mas,mata,1.0
de,tipo,1.0
carro,em,1.0
cu,tira,1.0
da,tem,3.0
filme,ou,1.0
de,período,1.0
arroz,dela,1.0
com,pequeno,1.0
seriado,um,1.0
dá,era,1.0
calor,mcdonalds,1.0
correr,para,4.0
de,linda,1.0
cu,por,1.0
star,tinha,1.0
foice,não,1.0
mais,pelo,1.0
in,para,1.0
cor,porque,2.0
caiu,passarinho,1.0
piratas,que,1.0
ana,um,1.0
casa,em,1.0
dá,quando,1.0
ele,que,2.0
na,ondas,1.0
black,com,2.0
pelos,vem,1.0
na,ser,2.0
mais,não,2.0
dias,os,1.0
rita,uma,1.0
as,the,1.0
de,mulher,1.0
carta,na,4.0
josé,nome,1.0
calça,fazer,1.0
mãe,terra,1.0
calor,como,1.0
dois,não,1.0
bem,porque,1.0
qual,religiosa,1.0
cobra,em,1.0
cimento,no,2.0
alexandre,da,1.0
banda,dos,2.0
que,tenho,1.0
muito,no,1.0
nome,sem,1.0
história,meia,1.0
carne,já,3.0
agora,para,1.0
dá,em,2.0
como,gatos,1.0
lá,pessoa,1.0
carreira,queria,1.0
passarinho,um,2.0
gente,sabão,1.0
dos,pau,1.0
do,outra,1.0
on,qual,2.0
leite,que,1.0
carteira,renda,1.0
como,qual,3.0
paciente,para,2.0
beatles,passou,1.0
animal,sempre,1.0
bola,futebol,1.0
ler,marcelo,1.0
pé,qual,2.0
donald,rede,1.0
em,árvore,1.0
que,vai,3.0
qual,ser,2.0
acabei,choque,1.0
four,que,1.0
ator,ventura,1.0
como,massa,1.0
com,gosta,1.0
de,pro,3.0
cida,maria,1.0
horas,vermelho,1.0
nada,qual,2.0
difícil,médico,1.0
na,porque,5.0
pessoas,tirar,2.0
cavalo,de,1.0
atchim,te,1.0
nascimento,os,1.0
mudo,nada,1.0
carreira,de,1.0
da,histórico,1.0
dentro,estão,1.0
onde,the,1.0
menina,país,1.0
et,terra,1.0
pai,só,1.0
chama,cão,2.0
mas,só,1.0
porque,uma,3.0
banda,ele,1.0
tinha,uma,2.0
qual,rei,1.0
ferramenta,foice,2.0
graça,não,1.0
braille,pára,1.0
deus,só,1.0
galinha,pena,1.0
criado,no,1.0
chave,te,1.0
com,passar,1.0
no,te,1.0
braille,cego,2.0
diz,nova,1.0
anos,cultura,1.0
pra,sul,1.0
ah,skywalker,2.0
dela,fazer,1.0
ovo,quando,2.0
céu,os,1.0
ah,cida,2.0
no,passos,1.0
bom,foi,1.0
amor,do,1.0
pontos,porque,1.0
dá,tão,1.0
tá,uma,1.0
em,tu,3.0
porque,só,2.0
dos,um,1.0
animal,cão,1.0
elfo,harry,1.0
na,ponto,1.0
ave,on,1.0
cálice,filme,3.0
entre,papa,1.0
impossível,um,1.0
foi,só,1.0
pouco,que,1.0
mas,sabe,1.0
era,quer,1.0
passar,só,1.0
mil,são,2.0
dar,in,1.0
em,tio,2.0
alfaiate,linha,1.0
cry,que,1.0
be,sempre,1.0
choque,ir,1.0
ao,dá,4.0
pessoa,quer,1.0
era,nas,1.0
cinco,porque,1.0
ela,passar,1.0
conto,não,1.0
atchim,skywalker,1.0
que,quis,1.0
dá,tv,1.0
que,usava,1.0
grande,os,1.0
marcelo,qual,1.0
nome,the,1.0
queria,ser,1.0
negro,negão,1.0
codorna,do,1.0
todos,tá,1.0
graça,tenho,2.0
gay,me,1.0
acabou,fazer,1.0
ana,tem,1.0
de,sem,1.0
fruta,mão,1.0
braille,está,1.0
on,trás,1.0
anal,fazem,1.0
filme,último,1.0
família,skywalker,1.0
de,pode,1.0
star,turma,1.0
passar,sabe,1.0
de,porco,3.0
que,tempo,1.0
do,todo,1.0
as,ca,1.0
meia,qual,1.0
mc,quer,2.0
cida,ele,1.0
planta,pés,1.0
acontece,linha,1.0
ondas,os,1.0
das,que,1.0
ator,dá,1.0
são,tentou,1.0
por,ásia,2.0
nota,sol,1.0
mundo,the,1.0
cultura,toda,1.0
deixar,moro,1.0
chamase,pote,1.0
cida,ela,1.0
no,regime,1.0
pra,presente,1.0
força,mas,1.0
ama,nada,2.0
em,vir,1.0
as,quer,1.0
duro,meio,1.0
boi,uma,1.0
bater,mãe,1.0
na,numa,1.0
do,gado,2.0
branco,em,2.0
os,vai,1.0
do,em,5.0
força,uma,1.0
ler,se,1.0
diz,gado,1.0
interior,tantas,1.0
muita,renda,1.0
ah,noite,1.0
qual,reta,2.0
bola,jogadores,1.0
nem,não,1.0
os,vento,1.0
piada,te,1.0
cry,ele,1.0
cabeça,para,1.0
naldo,tony,2.0
pro,show,1.0
mente,muito,1.0
academia,zé,1.0
mais,muita,1.0
pressão,um,1.0
diagnóstico,qual,1.0
por,um,5.0
pelo,todos,1.0
mia,um,2.0
be,corpo,1.0
de,star,2.0
carreira,como,1.0
choque,os,1.0
em,posto,2.0
avó,banho,1.0
dias,mais,2.0
de,duro,1.0
há,quando,1.0
crime,vê,1.0
do,méxico,3.0
de,disseme,1.0
estava,porque,2.0
favorito,mais,1.0
com,mente,1.0
da,linha,1.0
cantora,de,1.0
do,pai,3.0
que,tão,1.0
até,há,1.0
dar,nudes,1.0
assistir,em,1.0
cachorros,que,1.0
campo,pro,1.0
cheia,pô,1.0
choque,de,1.0
skywalker,todo,1.0
atriz,da,1.0
preferido,tv,1.0
mia,outro,2.0
por,torto,1.0
brasil,tu,1.0
banho,patos,1.0
cida,usado,1.0
mata,sempre,2.0
bem,de,1.0
gucci,um,3.0
massa,pizza,1.0
do,novela,1.0
ali,de,1.0
dorme,mais,1.0
coisas,de,2.0
boca,tem,1.0
chave,dar,1.0
na,queria,1.0
foice,tão,1.0
alto,braille,1.0
não,quase,1.0
ele,sempre,1.0
de,the,2.0
com,quer,1.0
físico,que,3.0
da,ficou,1.0
ex,preto,2.0
be,qual,2.0
mudo,nome,1.0
com,nas,1.0
tem,tenho,1.0
ilha,mata,1.0
má,que,3.0
jackson,preto,1.0
desistiu,são,1.0
acém,que,2.0
bom,má,1.0
de,peter,1.0
homem,impossível,1.0
prato,que,1.0
teve,tio,1.0
carro,de,1.0
espelho,vai,1.0
vida,zero,1.0
anda,mãe,1.0
casa,os,1.0
